"","Package","LibPath","Version","Priority","Depends","Imports","LinkingTo","Suggests","Enhances","License","License_is_FOSS","License_restricts_use","OS_type","MD5sum","NeedsCompilation","Built"
"abind","abind","/Library/Frameworks/R.framework/Versions/4.1/Resources/library","1.4-5",NA,"R (>= 1.5.0)","methods, utils",NA,NA,NA,"LGPL (>= 2)",NA,NA,NA,NA,"no","4.1.0"
"annotate","annotate","/Library/Frameworks/R.framework/Versions/4.1/Resources/library","1.72.0",NA,"R (>= 2.10), AnnotationDbi (>= 1.27.5), XML","Biobase, DBI, xtable, graphics, utils, stats, methods,
BiocGenerics (>= 0.13.8), httr",NA,"hgu95av2.db, genefilter, Biostrings (>= 2.25.10), IRanges,
rae230a.db, rae230aprobe, tkWidgets, GO.db, org.Hs.eg.db,
org.Mm.eg.db, humanCHRLOC, Rgraphviz, RUnit,",NA,"Artistic-2.0",NA,NA,NA,NA,"no","4.1.1"
"AnnotationDbi","AnnotationDbi","/Library/Frameworks/R.framework/Versions/4.1/Resources/library","1.56.2",NA,"R (>= 2.7.0), methods, utils, stats4, BiocGenerics (>=
0.29.2), Biobase (>= 1.17.0), IRanges","DBI, RSQLite, S4Vectors (>= 0.9.25), stats, KEGGREST",NA,"hgu95av2.db, GO.db, org.Sc.sgd.db, org.At.tair.db, RUnit,
TxDb.Hsapiens.UCSC.hg19.knownGene, org.Hs.eg.db, reactome.db,
AnnotationForge, graph, EnsDb.Hsapiens.v75, BiocStyle, knitr",NA,"Artistic-2.0",NA,NA,NA,NA,"no","4.1.2"
"AnnotationFilter","AnnotationFilter","/Library/Frameworks/R.framework/Versions/4.1/Resources/library","1.18.0",NA,"R (>= 3.4.0)","utils, methods, GenomicRanges, lazyeval",NA,"BiocStyle, knitr, testthat, RSQLite, org.Hs.eg.db, rmarkdown",NA,"Artistic-2.0",NA,NA,NA,NA,"no","4.1.1"
"ape","ape","/Library/Frameworks/R.framework/Versions/4.1/Resources/library","5.6-2",NA,"R (>= 3.2.0)","nlme, lattice, graphics, methods, stats, tools, utils,
parallel, Rcpp (>= 0.12.0)","Rcpp","gee, expm, igraph, phangorn",NA,"GPL-2 | GPL-3",NA,NA,NA,NA,"yes","4.1.2"
"aplot","aplot","/Library/Frameworks/R.framework/Versions/4.1/Resources/library","0.1.9",NA,NA,"ggfun (>= 0.0.9), ggplot2, ggplotify, patchwork, magrittr,
methods, utils",NA,"ggtree",NA,"Artistic-2.0",NA,NA,NA,NA,"no","4.1.2"
"askpass","askpass","/Library/Frameworks/R.framework/Versions/4.1/Resources/library","1.1",NA,NA,"sys (>= 2.1)",NA,"testthat",NA,"MIT + file LICENSE",NA,NA,NA,NA,"yes","4.1.0"
"assertthat","assertthat","/Library/Frameworks/R.framework/Versions/4.1/Resources/library","0.2.1",NA,NA,"tools",NA,"testthat, covr",NA,"GPL-3",NA,NA,NA,NA,"no","4.1.0"
"babelgene","babelgene","/Library/Frameworks/R.framework/Versions/4.1/Resources/library","22.9",NA,"R (>= 3.4)","dplyr, methods, rlang",NA,"covr, knitr, rmarkdown, testthat (>= 3.0.0)",NA,"MIT + file LICENSE",NA,NA,NA,NA,"no","4.1.2"
"backports","backports","/Library/Frameworks/R.framework/Versions/4.1/Resources/library","1.4.1",NA,"R (>= 3.0.0)",NA,NA,NA,NA,"GPL-2 | GPL-3",NA,NA,NA,NA,"yes","4.1.0"
"base","base","/Library/Frameworks/R.framework/Versions/4.1/Resources/library","4.1.2","base",NA,NA,NA,"methods",NA,"Part of R 4.1.2",NA,NA,NA,NA,NA,"4.1.2"
"base64enc","base64enc","/Library/Frameworks/R.framework/Versions/4.1/Resources/library","0.1-3",NA,"R (>= 2.9.0)",NA,NA,NA,"png","GPL-2 | GPL-3",NA,NA,NA,NA,"yes","4.1.0"
"batchelor","batchelor","/Library/Frameworks/R.framework/Versions/4.1/Resources/library","1.10.0",NA,"SingleCellExperiment","SummarizedExperiment, S4Vectors, BiocGenerics, Rcpp, stats,
methods, utils, igraph, BiocNeighbors, BiocSingular, Matrix,
DelayedArray, DelayedMatrixStats, BiocParallel, scuttle,
ResidualMatrix, ScaledMatrix, beachmat","Rcpp","testthat, BiocStyle, knitr, rmarkdown, scran, scater,
bluster, scRNAseq",NA,"GPL-3",NA,NA,NA,NA,"yes","4.1.1"
"bbmle","bbmle","/Library/Frameworks/R.framework/Versions/4.1/Resources/library","1.0.25",NA,"R (>= 3.0.0), stats4","stats, numDeriv, lattice, MASS, methods, bdsmatrix, Matrix,
mvtnorm",NA,"emdbook, rms, ggplot2, RUnit, MuMIn, AICcmodavg, Hmisc,
optimx (>= 2013.8.6), knitr, testthat",NA,"GPL",NA,NA,NA,NA,"no","4.1.2"
"bdsmatrix","bdsmatrix","/Library/Frameworks/R.framework/Versions/4.1/Resources/library","1.3-6",NA,"methods, R (>= 2.0.0)",NA,NA,NA,NA,"LGPL-2",NA,NA,NA,NA,"yes","4.1.2"
"beachmat","beachmat","/Library/Frameworks/R.framework/Versions/4.1/Resources/library","2.10.0",NA,NA,"methods, DelayedArray (>= 0.15.14), BiocGenerics, Matrix, Rcpp","Rcpp","testthat, BiocStyle, knitr, rmarkdown, rcmdcheck,
BiocParallel, HDF5Array",NA,"GPL-3",NA,NA,NA,NA,"yes","4.1.1"
"beeswarm","beeswarm","/Library/Frameworks/R.framework/Versions/4.1/Resources/library","0.4.0",NA,NA,"stats, graphics, grDevices, utils",NA,NA,NA,"Artistic-2.0",NA,NA,NA,NA,"yes","4.1.0"
"BH","BH","/Library/Frameworks/R.framework/Versions/4.1/Resources/library","1.78.0-0",NA,NA,NA,NA,NA,NA,"BSL-1.0",NA,NA,NA,NA,"no","4.1.0"
"Biobase","Biobase","/Library/Frameworks/R.framework/Versions/4.1/Resources/library","2.54.0",NA,"R (>= 2.10), BiocGenerics (>= 0.27.1), utils","methods",NA,"tools, tkWidgets, ALL, RUnit, golubEsets",NA,"Artistic-2.0",NA,NA,NA,NA,"yes","4.1.1"
"BiocFileCache","BiocFileCache","/Library/Frameworks/R.framework/Versions/4.1/Resources/library","2.2.1",NA,"R (>= 3.4.0), dbplyr (>= 1.0.0)","methods, stats, utils, dplyr, RSQLite, DBI, rappdirs,
filelock, curl, httr",NA,"testthat, knitr, BiocStyle, rmarkdown, rtracklayer",NA,"Artistic-2.0",NA,NA,NA,NA,"no","4.1.2"
"BiocGenerics","BiocGenerics","/Library/Frameworks/R.framework/Versions/4.1/Resources/library","0.40.0",NA,"R (>= 4.0.0), methods, utils, graphics, stats","methods, utils, graphics, stats",NA,"Biobase, S4Vectors, IRanges, GenomicRanges, DelayedArray,
Biostrings, Rsamtools, AnnotationDbi, affy, affyPLM, DESeq2,
flowClust, MSnbase, annotate, RUnit",NA,"Artistic-2.0",NA,NA,NA,NA,"no","4.1.1"
"BiocIO","BiocIO","/Library/Frameworks/R.framework/Versions/4.1/Resources/library","1.4.0",NA,"R (>= 4.0)","BiocGenerics, S4Vectors, methods, tools",NA,"testthat, knitr, rmarkdown, BiocStyle",NA,"Artistic-2.0",NA,NA,NA,NA,"no","4.1.1"
"BiocManager","BiocManager","/Library/Frameworks/R.framework/Versions/4.1/Resources/library","1.30.19",NA,NA,"utils",NA,"BiocVersion, remotes, rmarkdown, testthat, withr, curl, knitr",NA,"Artistic-2.0",NA,NA,NA,NA,"no","4.1.2"
"BiocNeighbors","BiocNeighbors","/Library/Frameworks/R.framework/Versions/4.1/Resources/library","1.12.0",NA,NA,"Rcpp, S4Vectors, BiocParallel, stats, methods, Matrix","Rcpp, RcppHNSW","testthat, BiocStyle, knitr, rmarkdown, FNN, RcppAnnoy,
RcppHNSW",NA,"GPL-3",NA,NA,NA,NA,"yes","4.1.1"
"BiocParallel","BiocParallel","/Library/Frameworks/R.framework/Versions/4.1/Resources/library","1.28.3",NA,"methods, R (>= 3.5.0)","stats, utils, futile.logger, parallel, snow","BH","BiocGenerics, tools, foreach, BatchJobs, BBmisc, doParallel,
Rmpi, GenomicRanges, RNAseqData.HNRNPC.bam.chr14,
TxDb.Hsapiens.UCSC.hg19.knownGene, VariantAnnotation,
Rsamtools, GenomicAlignments, ShortRead, codetools, RUnit,
BiocStyle, knitr, batchtools, data.table",NA,"GPL-2 | GPL-3",NA,NA,NA,NA,"yes","4.1.2"
"BiocSingular","BiocSingular","/Library/Frameworks/R.framework/Versions/4.1/Resources/library","1.10.0",NA,NA,"BiocGenerics, S4Vectors, Matrix, methods, utils, DelayedArray,
BiocParallel, ScaledMatrix, irlba, rsvd, Rcpp, beachmat","Rcpp, beachmat","testthat, BiocStyle, knitr, rmarkdown, ResidualMatrix",NA,"GPL-3",NA,NA,NA,NA,"yes","4.1.1"
"BiocVersion","BiocVersion","/Library/Frameworks/R.framework/Versions/4.1/Resources/library","3.14.0",NA,"R (>= 4.1.0)",NA,NA,NA,NA,"Artistic-2.0",NA,NA,NA,NA,"no","4.1.0"
"biomaRt","biomaRt","/Library/Frameworks/R.framework/Versions/4.1/Resources/library","2.50.3",NA,"methods","utils, XML, AnnotationDbi, progress, stringr, httr, digest,
BiocFileCache, rappdirs, xml2",NA,"BiocStyle, knitr, rmarkdown, testthat, mockery",NA,"Artistic-2.0",NA,NA,NA,NA,"no","4.1.2"
"Biostrings","Biostrings","/Library/Frameworks/R.framework/Versions/4.1/Resources/library","2.62.0",NA,"R (>= 4.0.0), methods, BiocGenerics (>= 0.37.0), S4Vectors (>=
0.27.12), IRanges (>= 2.23.9), XVector (>= 0.29.2),
GenomeInfoDb","methods, utils, grDevices, graphics, stats, crayon","S4Vectors, IRanges, XVector","BSgenome (>= 1.13.14), BSgenome.Celegans.UCSC.ce2 (>=
1.3.11), BSgenome.Dmelanogaster.UCSC.dm3 (>= 1.3.11),
BSgenome.Hsapiens.UCSC.hg18, drosophila2probe, hgu95av2probe,
hgu133aprobe, GenomicFeatures (>= 1.3.14), hgu95av2cdf, affy
(>= 1.41.3), affydata (>= 1.11.5), RUnit","Rmpi","Artistic-2.0",NA,NA,NA,NA,"yes","4.1.1"
"biovizBase","biovizBase","/Library/Frameworks/R.framework/Versions/4.1/Resources/library","1.42.0",NA,"R (>= 3.5.0), methods","grDevices, stats, scales, Hmisc, RColorBrewer, dichromat,
BiocGenerics, S4Vectors (>= 0.23.19), IRanges (>= 1.99.28),
GenomeInfoDb (>= 1.5.14), GenomicRanges (>= 1.23.21),
SummarizedExperiment, Biostrings (>= 2.33.11), Rsamtools (>=
1.17.28), GenomicAlignments (>= 1.1.16), GenomicFeatures (>=
1.21.19), AnnotationDbi, VariantAnnotation (>= 1.11.4),
ensembldb (>= 1.99.13), AnnotationFilter (>= 0.99.8), rlang",NA,"BSgenome.Hsapiens.UCSC.hg19,
TxDb.Hsapiens.UCSC.hg19.knownGene, BSgenome, rtracklayer,
EnsDb.Hsapiens.v75, RUnit",NA,"Artistic-2.0",NA,NA,NA,NA,"yes","4.1.1"
"bit","bit","/Library/Frameworks/R.framework/Versions/4.1/Resources/library","4.0.5",NA,"R (>= 2.9.2)",NA,NA,"testthat (>= 0.11.0), roxygen2, knitr, rmarkdown,
microbenchmark, bit64 (>= 4.0.0), ff (>= 4.0.0)",NA,"GPL-2 | GPL-3",NA,NA,NA,NA,"yes","4.1.2"
"bit64","bit64","/Library/Frameworks/R.framework/Versions/4.1/Resources/library","4.0.5",NA,"R (>= 3.0.1), bit (>= 4.0.0), utils, methods, stats",NA,NA,NA,NA,"GPL-2 | GPL-3",NA,NA,NA,NA,"yes","4.1.0"
"bitops","bitops","/Library/Frameworks/R.framework/Versions/4.1/Resources/library","1.0-7",NA,NA,NA,NA,NA,NA,"GPL (>= 2)",NA,NA,NA,NA,"yes","4.1.0"
"blob","blob","/Library/Frameworks/R.framework/Versions/4.1/Resources/library","1.2.3",NA,NA,"methods, rlang, vctrs (>= 0.2.1)",NA,"covr, crayon, pillar (>= 1.2.1), testthat",NA,"MIT + file LICENSE",NA,NA,NA,NA,"no","4.1.2"
"boot","boot","/Library/Frameworks/R.framework/Versions/4.1/Resources/library","1.3-28.1","recommended","R (>= 3.0.0), graphics, stats",NA,NA,"MASS, survival",NA,"Unlimited",NA,NA,NA,NA,"no","4.1.2"
"boxr","boxr","/Library/Frameworks/R.framework/Versions/4.1/Resources/library","0.3.6",NA,NA,"assertthat, bit64, dplyr, digest, fs, glue, httr (>= 1.1.0),
httpuv, magrittr, mime, purrr, rio, rlang, stats, stringr,
utils, tibble, lifecycle, jsonlite,",NA,"clipr (>= 0.3.0), conflicted, gargle (>= 0.3.0), here, jose,
knitr, openssl, png, rmarkdown, sodium, testthat, usethis",NA,"MIT + file LICENSE",NA,NA,NA,NA,"no","4.1.0"
"brew","brew","/Library/Frameworks/R.framework/Versions/4.1/Resources/library","1.0-8",NA,NA,NA,NA,"testthat (>= 3.0.0)",NA,"GPL-2",NA,NA,NA,NA,"no","4.1.2"
"brio","brio","/Library/Frameworks/R.framework/Versions/4.1/Resources/library","1.1.3",NA,NA,NA,NA,"covr, testthat (>= 2.1.0)",NA,"MIT + file LICENSE",NA,NA,NA,NA,"yes","4.1.0"
"BSgenome","BSgenome","/Library/Frameworks/R.framework/Versions/4.1/Resources/library","1.62.0",NA,"R (>= 2.8.0), methods, BiocGenerics (>= 0.13.8), S4Vectors (>=
0.17.28), IRanges (>= 2.13.16), GenomeInfoDb (>= 1.25.6),
GenomicRanges (>= 1.31.10), Biostrings (>= 2.47.6), rtracklayer
(>= 1.39.7)","methods, utils, stats, matrixStats, BiocGenerics, S4Vectors,
IRanges, XVector (>= 0.29.3), GenomeInfoDb, GenomicRanges,
Biostrings, Rsamtools, rtracklayer",NA,"BiocManager, Biobase, BSgenome.Celegans.UCSC.ce2,
BSgenome.Hsapiens.UCSC.hg38,
BSgenome.Hsapiens.UCSC.hg38.masked,
BSgenome.Mmusculus.UCSC.mm10, BSgenome.Rnorvegicus.UCSC.rn5,
BSgenome.Scerevisiae.UCSC.sacCer1,
BSgenome.Hsapiens.NCBI.GRCh38,
TxDb.Hsapiens.UCSC.hg38.knownGene,
TxDb.Mmusculus.UCSC.mm10.knownGene,
SNPlocs.Hsapiens.dbSNP144.GRCh38,
XtraSNPlocs.Hsapiens.dbSNP144.GRCh38, hgu95av2probe, RUnit",NA,"Artistic-2.0",NA,NA,NA,NA,"no","4.1.1"
"BSgenome.Hsapiens.UCSC.hg19","BSgenome.Hsapiens.UCSC.hg19","/Library/Frameworks/R.framework/Versions/4.1/Resources/library","1.4.3",NA,"BSgenome (>= 1.54.0)","BSgenome",NA,"",NA,"Artistic-2.0",NA,NA,NA,NA,"no","4.1.2"
"BSgenome.Hsapiens.UCSC.hg38","BSgenome.Hsapiens.UCSC.hg38","/Library/Frameworks/R.framework/Versions/4.1/Resources/library","1.4.4",NA,"R (>= 3.5.0), BSgenome (>= 1.60.0)","BSgenome",NA,"",NA,"Artistic-2.0",NA,NA,NA,NA,"no","4.1.2"
"BSgenome.Mmusculus.UCSC.mm10","BSgenome.Mmusculus.UCSC.mm10","/Library/Frameworks/R.framework/Versions/4.1/Resources/library","1.4.3",NA,"R (>= 3.5.0), BSgenome (>= 1.60.0)","BSgenome",NA,NA,NA,"Artistic-2.0",NA,NA,NA,NA,"no","4.1.2"
"bslib","bslib","/Library/Frameworks/R.framework/Versions/4.1/Resources/library","0.4.2",NA,"R (>= 2.10)","grDevices, htmltools (>= 0.5.4), jsonlite, sass (>= 0.4.0),
jquerylib (>= 0.1.3), rlang, cachem, memoise (>= 2.0.1),
base64enc, mime",NA,"shiny (>= 1.6.0), rmarkdown (>= 2.7), thematic, knitr,
testthat, withr, rappdirs, curl, magrittr, fontawesome, bsicons",NA,"MIT + file LICENSE",NA,NA,NA,NA,"no","4.1.2"
"cachem","cachem","/Library/Frameworks/R.framework/Versions/4.1/Resources/library","1.0.6",NA,NA,"rlang, fastmap",NA,"testthat",NA,"MIT + file LICENSE",NA,NA,NA,NA,"yes","4.1.0"
"Cairo","Cairo","/Library/Frameworks/R.framework/Versions/4.1/Resources/library","1.6-0",NA,"R (>= 2.4.0)","grDevices, graphics",NA,"png","FastRWeb","GPL-2 | GPL-3",NA,NA,NA,NA,"yes","4.1.2"
"callr","callr","/Library/Frameworks/R.framework/Versions/4.1/Resources/library","3.7.3",NA,"R (>= 3.4)","processx (>= 3.6.1), R6, utils",NA,"asciicast, cli (>= 1.1.0), covr, mockery, ps, rprojroot,
spelling, testthat (>= 3.0.0), withr (>= 2.3.0)",NA,"MIT + file LICENSE",NA,NA,NA,NA,"no","4.1.2"
"caTools","caTools","/Library/Frameworks/R.framework/Versions/4.1/Resources/library","1.18.2",NA,"R (>= 3.6.0)","bitops",NA,"MASS, rpart",NA,"GPL-3",NA,NA,NA,NA,"yes","4.1.0"
"cellranger","cellranger","/Library/Frameworks/R.framework/Versions/4.1/Resources/library","1.1.0",NA,"R (>= 3.0.0)","rematch, tibble",NA,"covr, testthat (>= 1.0.0), knitr, rmarkdown",NA,"MIT + file LICENSE",NA,NA,NA,NA,"no","4.1.0"
"CGHbase","CGHbase","/Library/Frameworks/R.framework/Versions/4.1/Resources/library","1.54.0",NA,"R (>= 2.10), methods, Biobase (>= 2.5.5), marray",NA,NA,NA,NA,"GPL",NA,NA,NA,NA,"no","4.1.1"
"CGHcall","CGHcall","/Library/Frameworks/R.framework/Versions/4.1/Resources/library","2.56.0",NA,"R (>= 2.0.0), impute(>= 1.8.0), DNAcopy (>= 1.6.0), methods,
Biobase, CGHbase (>= 1.15.1), snowfall",NA,NA,NA,NA,"GPL (http://www.gnu.org/copyleft/gpl.html)",NA,NA,NA,NA,"no","4.1.1"
"checkmate","checkmate","/Library/Frameworks/R.framework/Versions/4.1/Resources/library","2.1.0",NA,"R (>= 3.0.0)","backports (>= 1.1.0), utils",NA,"R6, fastmatch, data.table (>= 1.9.8), devtools, ggplot2,
knitr, magrittr, microbenchmark, rmarkdown, testthat (>=
3.0.4), tinytest (>= 1.1.0), tibble",NA,"BSD_3_clause + file LICENSE",NA,NA,NA,NA,"yes","4.1.2"
"chron","chron","/Library/Frameworks/R.framework/Versions/4.1/Resources/library","2.3-58",NA,"R (>= 2.12.0)","graphics, stats",NA,"scales, ggplot2","zoo","GPL-2",NA,NA,NA,NA,"yes","4.1.2"
"class","class","/Library/Frameworks/R.framework/Versions/4.1/Resources/library","7.3-20","recommended","R (>= 3.0.0), stats, utils","MASS",NA,NA,NA,"GPL-2 | GPL-3",NA,NA,NA,NA,"yes","4.1.2"
"classInt","classInt","/Library/Frameworks/R.framework/Versions/4.1/Resources/library","0.4-8",NA,"R (>= 2.2)","grDevices, stats, graphics, e1071, class, KernSmooth",NA,"spData (>= 0.2.6.2), units, knitr, rmarkdown",NA,"GPL (>= 2)",NA,NA,NA,NA,"yes","4.1.2"
"cli","cli","/Library/Frameworks/R.framework/Versions/4.1/Resources/library","3.6.0",NA,"R (>= 3.4)","utils",NA,"callr, covr, crayon, digest, glue (>= 1.6.0), grDevices,
htmltools, htmlwidgets, knitr, methods, mockery, processx, ps
(>= 1.3.4.9000), rlang (>= 1.0.2.9003), rmarkdown, rprojroot,
rstudioapi, testthat, tibble, whoami, withr",NA,"MIT + file LICENSE",NA,NA,NA,NA,"yes","4.1.2"
"clipr","clipr","/Library/Frameworks/R.framework/Versions/4.1/Resources/library","0.8.0",NA,NA,"utils",NA,"covr, knitr, rmarkdown, rstudioapi (>= 0.5), testthat (>=
2.0.0)",NA,"GPL-3",NA,NA,NA,NA,"no","4.1.2"
"cluster","cluster","/Library/Frameworks/R.framework/Versions/4.1/Resources/library","2.1.4","recommended","R (>= 3.5.0)","graphics, grDevices, stats, utils",NA,"MASS, Matrix",NA,"GPL (>= 2)",NA,NA,NA,NA,"yes","4.1.2"
"clusterProfiler","clusterProfiler","/Library/Frameworks/R.framework/Versions/4.1/Resources/library","4.2.2",NA,"R (>= 3.5.0)","AnnotationDbi, downloader, DOSE (>= 3.13.1), dplyr, enrichplot
(>= 1.9.3), GO.db, GOSemSim, magrittr, methods, plyr, qvalue,
rlang, stats, tidyr, utils, yulab.utils",NA,"AnnotationHub, knitr, rmarkdown, org.Hs.eg.db, prettydoc,
ReactomePA, testthat",NA,"Artistic-2.0",NA,NA,NA,NA,"no","4.1.2"
"codetools","codetools","/Library/Frameworks/R.framework/Versions/4.1/Resources/library","0.2-18","recommended","R (>= 2.1)",NA,NA,NA,NA,"GPL",NA,NA,NA,NA,"no","4.1.2"
"colorspace","colorspace","/Library/Frameworks/R.framework/Versions/4.1/Resources/library","2.0-3",NA,"R (>= 3.0.0), methods","graphics, grDevices, stats",NA,"datasets, utils, KernSmooth, MASS, kernlab, mvtnorm, vcd,
tcltk, shiny, shinyjs, ggplot2, dplyr, scales, grid, png, jpeg,
knitr, rmarkdown, RColorBrewer, rcartocolor, scico, viridis,
wesanderson",NA,"BSD_3_clause + file LICENSE",NA,NA,NA,NA,"yes","4.1.2"
"commonmark","commonmark","/Library/Frameworks/R.framework/Versions/4.1/Resources/library","1.8.1",NA,NA,NA,NA,"curl, testthat, xml2",NA,"BSD_2_clause + file LICENSE",NA,NA,NA,NA,"yes","4.1.2"
"compiler","compiler","/Library/Frameworks/R.framework/Versions/4.1/Resources/library","4.1.2","base",NA,NA,NA,NA,NA,"Part of R 4.1.2",NA,NA,NA,NA,NA,"4.1.2"
"cowplot","cowplot","/Library/Frameworks/R.framework/Versions/4.1/Resources/library","1.1.1",NA,"R (>= 3.5.0)","ggplot2 (> 2.2.1), grid, gtable, grDevices, methods, rlang,
scales",NA,"Cairo, covr, dplyr, forcats, gridGraphics (>= 0.4-0), knitr,
lattice, magick, maps, PASWR, patchwork, rmarkdown, ragg,
testthat (>= 1.0.0), tidyr, vdiffr (>= 0.3.0), VennDiagram",NA,"GPL-2",NA,NA,NA,NA,"no","4.1.0"
"cpp11","cpp11","/Library/Frameworks/R.framework/Versions/4.1/Resources/library","0.4.3",NA,NA,NA,NA,"bench, brio, callr, cli, covr, decor, desc, ggplot2, glue,
knitr, lobstr, mockery, progress, rmarkdown, scales, Rcpp,
testthat, tibble, utils, vctrs, withr",NA,"MIT + file LICENSE",NA,NA,NA,NA,"no","4.1.2"
"crayon","crayon","/Library/Frameworks/R.framework/Versions/4.1/Resources/library","1.5.2",NA,NA,"grDevices, methods, utils",NA,"mockery, rstudioapi, testthat, withr",NA,"MIT + file LICENSE",NA,NA,NA,NA,"no","4.1.2"
"credentials","credentials","/Library/Frameworks/R.framework/Versions/4.1/Resources/library","1.3.2",NA,NA,"openssl (>= 1.3), sys (>= 2.1), curl, jsonlite, askpass",NA,"testthat, knitr, rmarkdown",NA,"MIT + file LICENSE",NA,NA,NA,NA,"no","4.1.0"
"crosstalk","crosstalk","/Library/Frameworks/R.framework/Versions/4.1/Resources/library","1.2.0",NA,NA,"htmltools (>= 0.3.6), jsonlite, lazyeval, R6",NA,"shiny, ggplot2, testthat (>= 2.1.0), sass, bslib",NA,"MIT + file LICENSE",NA,NA,NA,NA,"no","4.1.0"
"curl","curl","/Library/Frameworks/R.framework/Versions/4.1/Resources/library","4.3.3",NA,"R (>= 3.0.0)",NA,NA,"spelling, testthat (>= 1.0.0), knitr, jsonlite, rmarkdown,
magrittr, httpuv (>= 1.4.4), webutils",NA,"MIT + file LICENSE",NA,NA,NA,NA,"yes","4.1.2"
"data.table","data.table","/Library/Frameworks/R.framework/Versions/4.1/Resources/library","1.14.6",NA,"R (>= 3.1.0)","methods",NA,"bit64 (>= 4.0.0), bit (>= 4.0.4), curl, R.utils, xts,
nanotime, zoo (>= 1.8-1), yaml, knitr, rmarkdown",NA,"MPL-2.0 | file LICENSE",NA,NA,NA,NA,"yes","4.1.2"
"datasets","datasets","/Library/Frameworks/R.framework/Versions/4.1/Resources/library","4.1.2","base",NA,NA,NA,NA,NA,"Part of R 4.1.2",NA,NA,NA,NA,NA,"4.1.2"
"DBI","DBI","/Library/Frameworks/R.framework/Versions/4.1/Resources/library","1.1.3",NA,"methods, R (>= 3.0.0)",NA,NA,"blob, covr, DBItest, dbplyr, downlit, dplyr, glue, hms,
knitr, magrittr, RMariaDB, rmarkdown, rprojroot, RSQLite (>=
1.1-2), testthat, xml2",NA,"LGPL (>= 2.1)",NA,NA,NA,NA,"no","4.1.2"
"dbplyr","dbplyr","/Library/Frameworks/R.framework/Versions/4.1/Resources/library","2.2.1",NA,"R (>= 3.1)","assertthat (>= 0.2.0), blob (>= 1.2.0), cli (>= 3.3.0), DBI
(>= 1.0.0), dplyr (>= 1.0.9), glue (>= 1.2.0), lifecycle (>=
1.0.0), magrittr, methods, pillar (>= 1.5.0), purrr (>= 0.2.5),
R6 (>= 2.2.2), rlang (>= 1.0.0), tibble (>= 1.4.2), tidyselect
(>= 0.2.4), utils, vctrs (>= 0.4.1), withr",NA,"bit64, covr, knitr, Lahman, nycflights13, odbc, RMariaDB (>=
1.0.2), rmarkdown, RPostgres (>= 1.1.3), RPostgreSQL, RSQLite
(>= 2.1.0), testthat (>= 3.0.2), tidyr (>= 1.2.0)",NA,"MIT + file LICENSE",NA,NA,NA,NA,"no","4.1.2"
"DelayedArray","DelayedArray","/Library/Frameworks/R.framework/Versions/4.1/Resources/library","0.20.0",NA,"R (>= 4.0.0), methods, stats4, Matrix, BiocGenerics (>=
0.37.0), MatrixGenerics (>= 1.1.3), S4Vectors (>= 0.27.2),
IRanges (>= 2.17.3)","stats","S4Vectors","BiocParallel, HDF5Array (>= 1.17.12), genefilter,
SummarizedExperiment, airway, lobstr, DelayedMatrixStats,
knitr, rmarkdown, BiocStyle, RUnit",NA,"Artistic-2.0",NA,NA,NA,NA,"yes","4.1.1"
"DelayedMatrixStats","DelayedMatrixStats","/Library/Frameworks/R.framework/Versions/4.1/Resources/library","1.16.0",NA,"MatrixGenerics (>= 1.5.3), DelayedArray (>= 0.17.6)","methods, matrixStats (>= 0.60.0), sparseMatrixStats, Matrix,
S4Vectors (>= 0.17.5), IRanges (>= 2.25.10)",NA,"testthat, knitr, rmarkdown, covr, BiocStyle, microbenchmark,
profmem, HDF5Array",NA,"MIT + file LICENSE",NA,NA,NA,NA,"no","4.1.1"
"deldir","deldir","/Library/Frameworks/R.framework/Versions/4.1/Resources/library","1.0-6",NA,"R (>= 3.5.0)","graphics, grDevices",NA,"polyclip",NA,"GPL (>= 2)",NA,NA,NA,NA,"yes","4.1.0"
"DEoptimR","DEoptimR","/Library/Frameworks/R.framework/Versions/4.1/Resources/library","1.0-11",NA,NA,"stats",NA,NA,"robustbase","GPL (>= 2)",NA,NA,NA,NA,"no","4.1.2"
"desc","desc","/Library/Frameworks/R.framework/Versions/4.1/Resources/library","1.4.2",NA,"R (>= 3.4)","cli, R6, rprojroot, utils",NA,"callr, covr, gh, spelling, testthat, whoami, withr",NA,"MIT + file LICENSE",NA,NA,NA,NA,"no","4.1.2"
"DESeq2","DESeq2","/Library/Frameworks/R.framework/Versions/4.1/Resources/library","1.34.0",NA,"S4Vectors (>= 0.23.18), IRanges, GenomicRanges,
SummarizedExperiment (>= 1.1.6)","BiocGenerics (>= 0.7.5), Biobase, BiocParallel, genefilter,
methods, stats4, locfit, geneplotter, ggplot2, Rcpp (>= 0.11.0)","Rcpp, RcppArmadillo","testthat, knitr, rmarkdown, vsn, pheatmap, RColorBrewer,
apeglm, ashr, tximport, tximeta, tximportData, readr, pbapply,
airway, pasilla (>= 0.2.10), glmGamPoi, BiocManager",NA,"LGPL (>= 3)",NA,NA,NA,NA,"yes","4.1.1"
"devtools","devtools","/Library/Frameworks/R.framework/Versions/4.1/Resources/library","2.4.5",NA,"R (>= 3.0.2), usethis (>= 2.1.6)","cli (>= 3.3.0), desc (>= 1.4.1), ellipsis (>= 0.3.2), fs (>=
1.5.2), lifecycle (>= 1.0.1), memoise (>= 2.0.1), miniUI (>=
0.1.1.1), pkgbuild (>= 1.3.1), pkgdown (>= 2.0.6), pkgload (>=
1.3.0), profvis (>= 0.3.7), rcmdcheck (>= 1.4.0), remotes (>=
2.4.2), rlang (>= 1.0.4), roxygen2 (>= 7.2.1), rversions (>=
2.1.1), sessioninfo (>= 1.2.2), stats, testthat (>= 3.1.5),
tools, urlchecker (>= 1.0.1), utils, withr (>= 2.5.0)",NA,"BiocManager (>= 1.30.18), callr (>= 3.7.1), covr (>= 3.5.1),
curl (>= 4.3.2), digest (>= 0.6.29), DT (>= 0.23), foghorn (>=
1.4.2), gh (>= 1.3.0), gmailr (>= 1.0.1), httr (>= 1.4.3),
knitr (>= 1.39), lintr (>= 3.0.0), MASS, mockery (>= 0.4.3),
pingr (>= 2.0.1), rhub (>= 1.1.1), rmarkdown (>= 2.14),
rstudioapi (>= 0.13), spelling (>= 2.2)",NA,"MIT + file LICENSE",NA,NA,NA,NA,"no","4.1.2"
"dichromat","dichromat","/Library/Frameworks/R.framework/Versions/4.1/Resources/library","2.0-0.1",NA,"R (>= 2.10), stats",NA,NA,NA,NA,"GPL-2",NA,NA,NA,NA,"no","4.1.2"
"diffobj","diffobj","/Library/Frameworks/R.framework/Versions/4.1/Resources/library","0.3.5",NA,"R (>= 3.1.0)","crayon (>= 1.3.2), tools, methods, utils, stats",NA,"knitr, rmarkdown",NA,"GPL-2 | GPL-3",NA,NA,NA,NA,"yes","4.1.0"
"digest","digest","/Library/Frameworks/R.framework/Versions/4.1/Resources/library","0.6.31",NA,"R (>= 3.3.0)","utils",NA,"tinytest, simplermarkdown",NA,"GPL (>= 2)",NA,NA,NA,NA,"yes","4.1.2"
"DNAcopy","DNAcopy","/Library/Frameworks/R.framework/Versions/4.1/Resources/library","1.68.0",NA,NA,NA,NA,NA,NA,"GPL (>= 2)",NA,NA,NA,NA,"yes","4.1.1"
"DO.db","DO.db","/Library/Frameworks/R.framework/Versions/4.1/Resources/library","2.9",NA,"R (>= 2.7.0), methods, AnnotationDbi (>= 1.9.7)","methods, AnnotationDbi",NA,NA,NA,"Artistic-2.0",NA,NA,NA,NA,"no","4.1.2"
"DOSE","DOSE","/Library/Frameworks/R.framework/Versions/4.1/Resources/library","3.20.1",NA,"R (>= 3.5.0)","AnnotationDbi, BiocParallel, DO.db, fgsea, ggplot2, GOSemSim
(>= 2.0.0), methods, qvalue, reshape2, stats, utils",NA,"prettydoc, clusterProfiler, knitr, rmarkdown, org.Hs.eg.db,
testthat",NA,"Artistic-2.0",NA,NA,NA,NA,"no","4.1.2"
"downlit","downlit","/Library/Frameworks/R.framework/Versions/4.1/Resources/library","0.4.2",NA,"R (>= 3.4.0)","brio, desc, digest, evaluate, fansi, memoise, rlang, vctrs,
withr, yaml",NA,"covr, htmltools, jsonlite, MASS, MassSpecWavelet, pkgload,
rmarkdown, testthat (>= 3.0.0), xml2",NA,"MIT + file LICENSE",NA,NA,NA,NA,"no","4.1.2"
"downloader","downloader","/Library/Frameworks/R.framework/Versions/4.1/Resources/library","0.4",NA,NA,"utils, digest",NA,"testthat",NA,"GPL-2",NA,NA,NA,NA,"no","4.1.0"
"dplyr","dplyr","/Library/Frameworks/R.framework/Versions/4.1/Resources/library","1.0.10",NA,"R (>= 3.4.0)","generics, glue (>= 1.3.2), lifecycle (>= 1.0.1), magrittr (>=
1.5), methods, R6, rlang (>= 1.0.2), tibble (>= 2.1.3),
tidyselect (>= 1.1.1), utils, vctrs (>= 0.4.1), pillar (>=
1.5.1)",NA,"bench, broom, callr, covr, DBI, dbplyr (>= 1.4.3), ggplot2,
knitr, Lahman, lobstr, microbenchmark, nycflights13, purrr,
rmarkdown, RMySQL, RPostgreSQL, RSQLite, testthat (>= 3.1.1),
tidyr, withr",NA,"MIT + file LICENSE",NA,NA,NA,NA,"yes","4.1.2"
"dqrng","dqrng","/Library/Frameworks/R.framework/Versions/4.1/Resources/library","0.3.0",NA,"R (>= 3.1.0)","Rcpp (>= 0.12.16)","Rcpp, BH (>= 1.64.0-1), sitmo (>= 2.0.0)","testthat, knitr, rmarkdown",NA,"AGPL-3 | file LICENSE",NA,NA,NA,NA,"yes","4.1.0"
"e1071","e1071","/Library/Frameworks/R.framework/Versions/4.1/Resources/library","1.7-12",NA,NA,"graphics, grDevices, class, stats, methods, utils, proxy",NA,"cluster, mlbench, nnet, randomForest, rpart, SparseM, xtable,
Matrix, MASS, slam",NA,"GPL-2 | GPL-3",NA,NA,NA,NA,"yes","4.1.2"
"EBImage","EBImage","/Library/Frameworks/R.framework/Versions/4.1/Resources/library","4.36.0",NA,"methods","BiocGenerics (>= 0.7.1), graphics, grDevices, stats, abind,
tiff, jpeg, png, locfit, fftwtools (>= 0.9-7), utils,
htmltools, htmlwidgets, RCurl",NA,"BiocStyle, digest, knitr, rmarkdown, shiny",NA,"LGPL",NA,NA,NA,NA,"yes","4.1.1"
"edgeR","edgeR","/Library/Frameworks/R.framework/Versions/4.1/Resources/library","3.36.0",NA,"R (>= 3.6.0), limma (>= 3.41.5)","methods, graphics, stats, utils, locfit, Rcpp","Rcpp","jsonlite, readr, rhdf5, splines, Biobase, AnnotationDbi,
SummarizedExperiment, org.Hs.eg.db",NA,"GPL (>=2)",NA,NA,NA,NA,"yes","4.1.1"
"ellipsis","ellipsis","/Library/Frameworks/R.framework/Versions/4.1/Resources/library","0.3.2",NA,"R (>= 3.2)","rlang (>= 0.3.0)",NA,"covr, testthat",NA,"MIT + file LICENSE",NA,NA,NA,NA,"yes","4.1.0"
"enrichplot","enrichplot","/Library/Frameworks/R.framework/Versions/4.1/Resources/library","1.14.2",NA,"R (>= 3.5.0)","aplot, DOSE (>= 3.16.0), ggplot2, ggraph, graphics, grid,
igraph, methods, plyr, purrr, RColorBrewer, reshape2, stats,
utils, scatterpie, shadowtext, GOSemSim, magrittr, ggtree,
yulab.utils (>= 0.0.4)",NA,"clusterProfiler, dplyr, europepmc, ggupset, knitr, rmarkdown,
org.Hs.eg.db, prettydoc, tibble, tidyr, ggforce, AnnotationDbi,
ggplotify, ggridges, grDevices, gridExtra, ggnewscale, ggrepel
(>= 0.9.0), ggstar, treeio, scales, tidytree, ggtreeExtra",NA,"Artistic-2.0",NA,NA,NA,NA,"no","4.1.2"
"enrichR","enrichR","/Library/Frameworks/R.framework/Versions/4.1/Resources/library","3.1",NA,"R (>= 3.0.0)","httr, curl, rjson, ggplot2",NA,"knitr, rmarkdown",NA,"GPL (>= 2)",NA,NA,NA,NA,"no","4.1.2"
"ensembldb","ensembldb","/Library/Frameworks/R.framework/Versions/4.1/Resources/library","2.18.4",NA,"BiocGenerics (>= 0.15.10), GenomicRanges (>= 1.31.18),
GenomicFeatures (>= 1.29.10), AnnotationFilter (>= 1.5.2)","methods, RSQLite (>= 1.1), DBI, Biobase, GenomeInfoDb,
AnnotationDbi (>= 1.31.19), rtracklayer, S4Vectors (>=
0.23.10), Rsamtools, IRanges (>= 2.13.24), ProtGenerics,
Biostrings (>= 2.47.9), curl",NA,"BiocStyle, knitr, EnsDb.Hsapiens.v86 (>= 0.99.8), testthat,
BSgenome.Hsapiens.NCBI.GRCh38, ggbio (>= 1.24.0), Gviz (>=
1.20.0), magrittr, rmarkdown, AnnotationHub","RMariaDB, shiny","LGPL",NA,NA,NA,NA,"no","4.1.3"
"evaluate","evaluate","/Library/Frameworks/R.framework/Versions/4.1/Resources/library","0.19",NA,"R (>= 3.0.2)","methods",NA,"covr, ggplot2, lattice, testthat",NA,"MIT + file LICENSE",NA,NA,NA,NA,"no","4.1.2"
"fansi","fansi","/Library/Frameworks/R.framework/Versions/4.1/Resources/library","1.0.3",NA,"R (>= 3.1.0)","grDevices, utils",NA,"unitizer, knitr, rmarkdown",NA,"GPL-2 | GPL-3",NA,NA,NA,NA,"yes","4.1.2"
"farver","farver","/Library/Frameworks/R.framework/Versions/4.1/Resources/library","2.1.1",NA,NA,NA,NA,"covr, testthat (>= 3.0.0)",NA,"MIT + file LICENSE",NA,NA,NA,NA,"yes","4.1.2"
"fastmap","fastmap","/Library/Frameworks/R.framework/Versions/4.1/Resources/library","1.1.0",NA,NA,NA,NA,"testthat (>= 2.1.1)",NA,"MIT + file LICENSE",NA,NA,NA,NA,"yes","4.1.0"
"fastmatch","fastmatch","/Library/Frameworks/R.framework/Versions/4.1/Resources/library","1.1-3",NA,"R (>= 2.3.0)",NA,NA,NA,NA,"GPL-2",NA,NA,NA,NA,"yes","4.1.0"
"fftwtools","fftwtools","/Library/Frameworks/R.framework/Versions/4.1/Resources/library","0.9-11",NA,"R (>= 3.0)",NA,NA,"fftw",NA,"GPL (>= 2)",NA,NA,NA,NA,"yes","4.1.0"
"fgsea","fgsea","/Library/Frameworks/R.framework/Versions/4.1/Resources/library","1.20.0",NA,"R (>= 3.3)","Rcpp, data.table, BiocParallel, stats, ggplot2 (>= 2.2.0),
gridExtra, grid, fastmatch, Matrix, utils","Rcpp, BH","testthat, knitr, rmarkdown, reactome.db, AnnotationDbi,
parallel, org.Mm.eg.db, limma, GEOquery",NA,"MIT + file LICENCE",NA,NA,NA,NA,"yes","4.1.1"
"filelock","filelock","/Library/Frameworks/R.framework/Versions/4.1/Resources/library","1.0.2",NA,NA,NA,NA,"callr (>= 2.0.0), covr, testthat",NA,"MIT + file LICENSE",NA,NA,NA,NA,"yes","4.1.0"
"fitdistrplus","fitdistrplus","/Library/Frameworks/R.framework/Versions/4.1/Resources/library","1.1-8",NA,"R (>= 3.5.0), MASS, grDevices, survival, methods","stats",NA,"actuar, rgenoud, mc2d, gamlss.dist, knitr, ggplot2,
GeneralizedHyperbolic, rmarkdown, Hmisc",NA,"GPL (>= 2)",NA,NA,NA,NA,"no","4.1.2"
"FNN","FNN","/Library/Frameworks/R.framework/Versions/4.1/Resources/library","1.1.3.1",NA,"R (>= 3.0.0)",NA,NA,"chemometrics, mvtnorm",NA,"GPL (>= 2)",NA,NA,NA,NA,"yes","4.1.2"
"fontawesome","fontawesome","/Library/Frameworks/R.framework/Versions/4.1/Resources/library","0.4.0",NA,"R (>= 3.3.0)","rlang (>= 0.4.10), htmltools (>= 0.5.1.1)",NA,"covr, dplyr (>= 1.0.8), knitr (>= 1.31), testthat (>= 3.0.0),
rsvg",NA,"MIT + file LICENSE",NA,NA,NA,NA,"no","4.1.2"
"forcats","forcats","/Library/Frameworks/R.framework/Versions/4.1/Resources/library","0.5.2",NA,"R (>= 3.4)","cli, ellipsis, glue, lifecycle, magrittr, rlang (>= 1.0.0),
tibble, withr",NA,"covr, dplyr, ggplot2, knitr, readr, rmarkdown, testthat (>=
3.0.0)",NA,"MIT + file LICENSE",NA,NA,NA,NA,"no","4.1.2"
"foreign","foreign","/Library/Frameworks/R.framework/Versions/4.1/Resources/library","0.8-84","recommended","R (>= 4.0.0)","methods, utils, stats",NA,NA,NA,"GPL (>= 2)",NA,NA,NA,NA,"yes","4.1.2"
"formatR","formatR","/Library/Frameworks/R.framework/Versions/4.1/Resources/library","1.13",NA,"R (>= 3.2.3)",NA,NA,"rstudioapi, shiny, testit, rmarkdown, knitr",NA,"GPL",NA,NA,NA,NA,"no","4.1.2"
"Formula","Formula","/Library/Frameworks/R.framework/Versions/4.1/Resources/library","1.2-4",NA,"R (>= 2.0.0), stats",NA,NA,NA,NA,"GPL-2 | GPL-3",NA,NA,NA,NA,"no","4.1.0"
"fs","fs","/Library/Frameworks/R.framework/Versions/4.1/Resources/library","1.5.2",NA,"R (>= 3.1)","methods",NA,"testthat, covr, pillar (>= 1.0.0), tibble (>= 1.1.0), crayon,
rmarkdown, knitr, withr, spelling, vctrs (>= 0.3.0)",NA,"MIT + file LICENSE",NA,NA,NA,NA,"yes","4.1.0"
"furrr","furrr","/Library/Frameworks/R.framework/Versions/4.1/Resources/library","0.3.1",NA,"future (>= 1.25.0), R (>= 3.4.0)","globals (>= 0.14.0), lifecycle (>= 1.0.1), purrr (>= 0.3.4),
rlang (>= 1.0.2), vctrs (>= 0.4.1)",NA,"carrier, covr, dplyr (>= 0.7.4), knitr, listenv (>= 0.6.0),
magrittr, rmarkdown, testthat (>= 3.0.0), tidyselect, withr",NA,"MIT + file LICENSE",NA,NA,NA,NA,"no","4.1.2"
"futile.logger","futile.logger","/Library/Frameworks/R.framework/Versions/4.1/Resources/library","1.4.3",NA,"R (>= 3.0.0)","utils, lambda.r (>= 1.1.0), futile.options",NA,"testthat, jsonlite",NA,"LGPL-3",NA,NA,NA,NA,"no","4.1.0"
"futile.options","futile.options","/Library/Frameworks/R.framework/Versions/4.1/Resources/library","1.0.1",NA,"R (>= 2.8.0)",NA,NA,NA,NA,"LGPL-3",NA,NA,NA,NA,"no","4.1.0"
"future","future","/Library/Frameworks/R.framework/Versions/4.1/Resources/library","1.30.0",NA,NA,"digest, globals (>= 0.16.1), listenv (>= 0.8.0), parallel,
parallelly (>= 1.32.1), tools, utils",NA,"methods, RhpcBLASctl, R.rsp, markdown",NA,"LGPL (>= 2.1)",NA,NA,NA,NA,"no","4.1.2"
"future.apply","future.apply","/Library/Frameworks/R.framework/Versions/4.1/Resources/library","1.10.0",NA,"R (>= 3.2.0), future (>= 1.28.0)","globals (>= 0.16.1), parallel, utils",NA,"datasets, stats, tools, listenv (>= 0.8.0), R.rsp, markdown",NA,"GPL (>= 2)",NA,NA,NA,NA,"no","4.1.2"
"gdata","gdata","/Library/Frameworks/R.framework/Versions/4.1/Resources/library","2.18.0.1",NA,"R (>= 2.3.0)","gtools, stats, methods, utils",NA,"RUnit",NA,"GPL-2",NA,NA,NA,NA,"no","4.1.2"
"genefilter","genefilter","/Library/Frameworks/R.framework/Versions/4.1/Resources/library","1.76.0",NA,NA,"BiocGenerics, AnnotationDbi, annotate, Biobase, graphics,
methods, stats, survival, grDevices",NA,"class, hgu95av2.db, tkWidgets, ALL, ROC, RColorBrewer,
BiocStyle, knitr",NA,"Artistic-2.0",NA,NA,NA,NA,"yes","4.1.1"
"geneplotter","geneplotter","/Library/Frameworks/R.framework/Versions/4.1/Resources/library","1.72.0",NA,"R (>= 2.10), methods, Biobase, BiocGenerics, lattice, annotate","AnnotationDbi, graphics, grDevices, grid, RColorBrewer, stats,
utils",NA,"Rgraphviz, fibroEset, hgu95av2.db, hu6800.db, hgu133a.db",NA,"Artistic-2.0",NA,NA,NA,NA,"no","4.1.1"
"generics","generics","/Library/Frameworks/R.framework/Versions/4.1/Resources/library","0.1.3",NA,"R (>= 3.2)","methods",NA,"covr, pkgload, testthat (>= 3.0.0), tibble, withr",NA,"MIT + file LICENSE",NA,NA,NA,NA,"no","4.1.2"
"GenomeInfoDb","GenomeInfoDb","/Library/Frameworks/R.framework/Versions/4.1/Resources/library","1.30.1",NA,"R (>= 4.0.0), methods, BiocGenerics (>= 0.37.0), S4Vectors (>=
0.25.12), IRanges (>= 2.13.12)","stats, stats4, utils, RCurl, GenomeInfoDbData",NA,"GenomicRanges, Rsamtools, GenomicAlignments, GenomicFeatures,
TxDb.Dmelanogaster.UCSC.dm3.ensGene, BSgenome,
BSgenome.Scerevisiae.UCSC.sacCer2, BSgenome.Celegans.UCSC.ce2,
BSgenome.Hsapiens.NCBI.GRCh38, RUnit, BiocStyle, knitr",NA,"Artistic-2.0",NA,NA,NA,NA,"no","4.1.2"
"GenomeInfoDbData","GenomeInfoDbData","/Library/Frameworks/R.framework/Versions/4.1/Resources/library","1.2.7",NA,"R (>= 3.5.0)",NA,NA,NA,NA,"Artistic-2.0",NA,NA,NA,NA,"no","4.1.2"
"GenomicAlignments","GenomicAlignments","/Library/Frameworks/R.framework/Versions/4.1/Resources/library","1.30.0",NA,"R (>= 4.0.0), methods, BiocGenerics (>= 0.37.0), S4Vectors (>=
0.27.12), IRanges (>= 2.23.9), GenomeInfoDb (>= 1.13.1),
GenomicRanges (>= 1.41.5), SummarizedExperiment (>= 1.9.13),
Biostrings (>= 2.55.7), Rsamtools (>= 1.31.2)","methods, utils, stats, BiocGenerics, S4Vectors, IRanges,
GenomicRanges, Biostrings, Rsamtools, BiocParallel","S4Vectors, IRanges","ShortRead, rtracklayer, BSgenome, GenomicFeatures,
RNAseqData.HNRNPC.bam.chr14, pasillaBamSubset,
TxDb.Hsapiens.UCSC.hg19.knownGene,
TxDb.Dmelanogaster.UCSC.dm3.ensGene,
BSgenome.Dmelanogaster.UCSC.dm3, BSgenome.Hsapiens.UCSC.hg19,
DESeq2, edgeR, RUnit, BiocStyle",NA,"Artistic-2.0",NA,NA,NA,NA,"yes","4.1.1"
"GenomicDataCommons","GenomicDataCommons","/Library/Frameworks/R.framework/Versions/4.1/Resources/library","1.18.0",NA,"R (>= 3.4.0), magrittr","stats, httr, xml2, jsonlite, utils, rlang, readr,
GenomicRanges, IRanges, dplyr, rappdirs, SummarizedExperiment,
S4Vectors, tibble",NA,"BiocStyle, knitr, rmarkdown, DT, testthat, listviewer,
ggplot2, GenomicAlignments, Rsamtools, BiocParallel,
TxDb.Hsapiens.UCSC.hg38.knownGene, VariantAnnotation",NA,"Artistic-2.0",NA,NA,NA,NA,"no","4.1.1"
"GenomicFeatures","GenomicFeatures","/Library/Frameworks/R.framework/Versions/4.1/Resources/library","1.46.5",NA,"BiocGenerics (>= 0.1.0), S4Vectors (>= 0.17.29), IRanges (>=
2.13.23), GenomeInfoDb (>= 1.25.7), GenomicRanges (>= 1.31.17),
AnnotationDbi (>= 1.41.4)","methods, utils, stats, tools, DBI, RSQLite (>= 2.0), RCurl,
XVector (>= 0.19.7), Biostrings (>= 2.47.6), BiocIO,
rtracklayer (>= 1.51.5), biomaRt (>= 2.17.1), Biobase (>=
2.15.1)",NA,"RMariaDB, org.Mm.eg.db, org.Hs.eg.db, BSgenome,
BSgenome.Hsapiens.UCSC.hg19 (>= 1.3.17),
BSgenome.Celegans.UCSC.ce11, BSgenome.Dmelanogaster.UCSC.dm3
(>= 1.3.17), mirbase.db, FDb.UCSC.tRNAs,
TxDb.Hsapiens.UCSC.hg19.knownGene,
TxDb.Celegans.UCSC.ce11.ensGene,
TxDb.Dmelanogaster.UCSC.dm3.ensGene (>= 2.7.1),
TxDb.Mmusculus.UCSC.mm10.knownGene (>= 3.4.7),
TxDb.Hsapiens.UCSC.hg19.lincRNAsTranscripts,
TxDb.Hsapiens.UCSC.hg38.knownGene (>= 3.4.6),
SNPlocs.Hsapiens.dbSNP144.GRCh38, Rsamtools, pasillaBamSubset
(>= 0.0.5), GenomicAlignments (>= 1.15.7), ensembldb, RUnit,
BiocStyle, knitr",NA,"Artistic-2.0",NA,NA,NA,NA,"no","4.1.2"
"GenomicInteractions","GenomicInteractions","/Library/Frameworks/R.framework/Versions/4.1/Resources/library","1.28.0",NA,"R (>= 3.5), InteractionSet","Rsamtools, rtracklayer, GenomicRanges (>= 1.29.6), IRanges,
BiocGenerics (>= 0.15.3), data.table, stringr, GenomeInfoDb,
ggplot2, grid, gridExtra, methods, igraph, S4Vectors (>=
0.13.13), dplyr, Gviz, Biobase, graphics, stats, utils,
grDevices",NA,"knitr, rmarkdown, BiocStyle, testthat",NA,"GPL-3",NA,NA,NA,NA,"no","4.1.1"
"GenomicRanges","GenomicRanges","/Library/Frameworks/R.framework/Versions/4.1/Resources/library","1.46.1",NA,"R (>= 4.0.0), methods, stats4, BiocGenerics (>= 0.37.0),
S4Vectors (>= 0.27.12), IRanges (>= 2.23.9), GenomeInfoDb (>=
1.15.2)","utils, stats, XVector (>= 0.29.2)","S4Vectors, IRanges","Matrix, Biobase, AnnotationDbi, annotate, Biostrings (>=
2.25.3), SummarizedExperiment (>= 0.1.5), Rsamtools (>=
1.13.53), GenomicAlignments, rtracklayer, BSgenome,
GenomicFeatures, Gviz, VariantAnnotation, AnnotationHub,
DESeq2, DEXSeq, edgeR, KEGGgraph, RNAseqData.HNRNPC.bam.chr14,
pasillaBamSubset, KEGGREST, hgu95av2.db, hgu95av2probe,
BSgenome.Scerevisiae.UCSC.sacCer2, BSgenome.Hsapiens.UCSC.hg19,
BSgenome.Mmusculus.UCSC.mm10,
TxDb.Athaliana.BioMart.plantsmart22,
TxDb.Dmelanogaster.UCSC.dm3.ensGene,
TxDb.Hsapiens.UCSC.hg19.knownGene,
TxDb.Mmusculus.UCSC.mm10.knownGene, RUnit, digest, knitr,
rmarkdown, BiocStyle",NA,"Artistic-2.0",NA,NA,NA,NA,"yes","4.1.2"
"gert","gert","/Library/Frameworks/R.framework/Versions/4.1/Resources/library","1.9.2",NA,NA,"askpass, credentials (>= 1.2.1), openssl (>= 2.0.3),
rstudioapi (>= 0.11), sys, zip (>= 2.1.0)",NA,"spelling, knitr, rmarkdown, testthat",NA,"MIT + file LICENSE",NA,NA,NA,NA,"yes","4.1.2"
"ggbeeswarm","ggbeeswarm","/Library/Frameworks/R.framework/Versions/4.1/Resources/library","0.7.1",NA,"R (>= 3.5.0), ggplot2 (>= 3.3.0)","beeswarm, lifecycle, vipor",NA,"gridExtra",NA,"GPL (>= 3)",NA,NA,NA,NA,"no","4.1.2"
"ggforce","ggforce","/Library/Frameworks/R.framework/Versions/4.1/Resources/library","0.4.1",NA,"ggplot2 (>= 3.3.6), R (>= 3.3.0)","Rcpp (>= 0.12.2), grid, scales, MASS, tweenr (>= 0.1.5),
gtable, rlang, polyclip, stats, grDevices, tidyselect, withr,
utils, lifecycle, cli, vctrs, systemfonts","Rcpp, RcppEigen","sessioninfo, concaveman, deldir, latex2exp, reshape2, units
(>= 0.4-6), covr",NA,"MIT + file LICENSE",NA,NA,NA,NA,"yes","4.1.2"
"ggfun","ggfun","/Library/Frameworks/R.framework/Versions/4.1/Resources/library","0.0.9",NA,NA,"ggplot2, grid, rlang, utils",NA,"ggplotify, knitr, rmarkdown, prettydoc, tidyr, ggnewscale",NA,"Artistic-2.0",NA,NA,NA,NA,"no","4.1.2"
"ggplot2","ggplot2","/Library/Frameworks/R.framework/Versions/4.1/Resources/library","3.4.0",NA,"R (>= 3.3)","cli, glue, grDevices, grid, gtable (>= 0.1.1), isoband,
lifecycle (> 1.0.1), MASS, mgcv, rlang (>= 1.0.0), scales (>=
1.2.0), stats, tibble, vctrs (>= 0.5.0), withr (>= 2.5.0)",NA,"covr, dplyr, ggplot2movies, hexbin, Hmisc, knitr, lattice,
mapproj, maps, maptools, multcomp, munsell, nlme, profvis,
quantreg, ragg, RColorBrewer, rgeos, rmarkdown, rpart, sf (>=
0.7-3), svglite (>= 1.2.0.9001), testthat (>= 3.1.2), vdiffr
(>= 1.0.0), xml2","sp","MIT + file LICENSE",NA,NA,NA,NA,"no","4.1.2"
"ggplotify","ggplotify","/Library/Frameworks/R.framework/Versions/4.1/Resources/library","0.1.0",NA,"R (>= 3.4.0)","ggplot2, graphics, grDevices, grid, gridGraphics, yulab.utils",NA,"aplot, colorspace, cowplot, ggimage, knitr, rmarkdown,
lattice, prettydoc, vcd, utils",NA,"Artistic-2.0",NA,NA,NA,NA,"no","4.1.0"
"ggraph","ggraph","/Library/Frameworks/R.framework/Versions/4.1/Resources/library","2.1.0",NA,"R (>= 2.10), ggplot2 (>= 3.0.0)","Rcpp (>= 0.12.2), dplyr, ggforce (>= 0.3.1), grid, igraph (>=
1.0.0), scales, MASS, digest, gtable, ggrepel, utils, stats,
viridis, rlang, tidygraph, graphlayouts (>= 0.5.0), withr, cli,
vctrs, lifecycle","Rcpp","network, knitr, rmarkdown, purrr, tibble, seriation, deldir,
gganimate, covr",NA,"MIT + file LICENSE",NA,NA,NA,NA,"yes","4.1.2"
"ggrastr","ggrastr","/Library/Frameworks/R.framework/Versions/4.1/Resources/library","1.0.1",NA,"R (>= 3.2.2)","ggplot2 (>= 2.1.0), Cairo (>= 1.5.9), ggbeeswarm, grid, png,
ragg",NA,"knitr, maps, rmarkdown, sf",NA,"MIT + file LICENSE",NA,NA,NA,NA,"no","4.1.0"
"ggrepel","ggrepel","/Library/Frameworks/R.framework/Versions/4.1/Resources/library","0.9.2",NA,"R (>= 3.0.0), ggplot2 (>= 2.2.0)","grid, Rcpp, rlang (>= 0.3.0), scales (>= 0.5.0)","Rcpp","knitr, rmarkdown, testthat, svglite, vdiffr, gridExtra,
devtools, prettydoc, ggbeeswarm, dplyr, magrittr, readr,
stringr, withr",NA,"GPL-3 | file LICENSE",NA,NA,NA,NA,"yes","4.1.2"
"ggridges","ggridges","/Library/Frameworks/R.framework/Versions/4.1/Resources/library","0.5.4",NA,"R (>= 3.2)","ggplot2 (>= 3.0.0), grid (>= 3.0.0), scales (>= 0.4.1), withr
(>= 2.1.1)",NA,"covr, dplyr, patchwork, ggplot2movies, forcats, knitr,
rmarkdown, testthat, vdiffr",NA,"GPL-2 | file LICENSE",NA,NA,NA,NA,"no","4.1.2"
"ggtree","ggtree","/Library/Frameworks/R.framework/Versions/4.1/Resources/library","3.2.1",NA,"R (>= 3.5.0)","ape, aplot (>= 0.0.4), dplyr, ggplot2 (>= 3.0.0), grid,
magrittr, methods, purrr, rlang, ggfun, yulab.utils, tidyr,
tidytree (>= 0.2.6), treeio (>= 1.8.0), utils, scales",NA,"emojifont, ggimage, ggplotify, grDevices, knitr, prettydoc,
rmarkdown, stats, testthat, tibble",NA,"Artistic-2.0",NA,NA,NA,NA,"no","4.1.2"
"gh","gh","/Library/Frameworks/R.framework/Versions/4.1/Resources/library","1.3.1",NA,"R (>= 3.4)","cli (>= 3.0.1), gitcreds, httr (>= 1.2), ini, jsonlite",NA,"covr, knitr, mockery, rmarkdown, rprojroot, spelling,
testthat (>= 3.0.0), withr",NA,"MIT + file LICENSE",NA,NA,NA,NA,"no","4.1.2"
"gitcreds","gitcreds","/Library/Frameworks/R.framework/Versions/4.1/Resources/library","0.1.2",NA,"R (>= 3.4)",NA,NA,"codetools, covr, knitr, mockery, oskeyring, rmarkdown,
testthat (>= 3.0.0), withr",NA,"MIT + file LICENSE",NA,NA,NA,NA,"no","4.1.2"
"glmGamPoi","glmGamPoi","/Library/Frameworks/R.framework/Versions/4.1/Resources/library","1.6.0",NA,NA,"Rcpp, DelayedMatrixStats, matrixStats, DelayedArray,
HDF5Array, SummarizedExperiment, BiocGenerics, methods, stats,
utils, splines","Rcpp, RcppArmadillo, beachmat","testthat (>= 2.1.0), zoo, DESeq2, edgeR, limma, beachmat,
MASS, statmod, ggplot2, bench, BiocParallel, knitr, rmarkdown,
BiocStyle, TENxPBMCData, muscData, scran",NA,"GPL-3",NA,NA,NA,NA,"yes","4.1.1"
"globals","globals","/Library/Frameworks/R.framework/Versions/4.1/Resources/library","0.16.2",NA,"R (>= 3.1.2)","codetools",NA,NA,NA,"LGPL (>= 2.1)",NA,NA,NA,NA,"no","4.1.2"
"glue","glue","/Library/Frameworks/R.framework/Versions/4.1/Resources/library","1.6.2",NA,"R (>= 3.4)","methods",NA,"covr, crayon, DBI, dplyr, forcats, ggplot2, knitr, magrittr,
microbenchmark, R.utils, rmarkdown, rprintf, RSQLite, stringr,
testthat (>= 3.0.0), vctrs (>= 0.3.0), waldo (>= 0.3.0), withr",NA,"MIT + file LICENSE",NA,NA,NA,NA,"yes","4.1.2"
"GO.db","GO.db","/Library/Frameworks/R.framework/Versions/4.1/Resources/library","3.14.0",NA,"R (>= 2.7.0), methods, AnnotationDbi (>= 1.55.1)",NA,NA,"DBI",NA,"Artistic-2.0",NA,NA,NA,NA,"no","4.1.2"
"goftest","goftest","/Library/Frameworks/R.framework/Versions/4.1/Resources/library","1.2-3",NA,"R (>= 3.3)","stats",NA,NA,NA,"GPL (>= 2)",NA,NA,NA,NA,"yes","4.1.0"
"GOSemSim","GOSemSim","/Library/Frameworks/R.framework/Versions/4.1/Resources/library","2.20.0",NA,"R (>= 3.5.0)","AnnotationDbi, GO.db, methods, utils","Rcpp","AnnotationHub, BiocManager, clusterProfiler, DOSE, knitr,
rmarkdown, org.Hs.eg.db, prettydoc, testthat, ROCR",NA,"Artistic-2.0",NA,NA,NA,NA,"yes","4.1.1"
"gplots","gplots","/Library/Frameworks/R.framework/Versions/4.1/Resources/library","3.1.3",NA,"R (>= 3.0)","gtools, stats, caTools, KernSmooth, methods",NA,"grid, MASS, knitr, r2d2",NA,"GPL-2",NA,NA,NA,NA,"no","4.1.2"
"graph","graph","/Library/Frameworks/R.framework/Versions/4.1/Resources/library","1.72.0",NA,"R (>= 2.10), methods, BiocGenerics (>= 0.13.11)","stats, stats4, utils",NA,"SparseM (>= 0.36), XML, RBGL, RUnit, cluster","Rgraphviz","Artistic-2.0",NA,NA,NA,NA,"yes","4.1.1"
"graphics","graphics","/Library/Frameworks/R.framework/Versions/4.1/Resources/library","4.1.2","base",NA,"grDevices",NA,NA,NA,"Part of R 4.1.2",NA,NA,NA,NA,"yes","4.1.2"
"graphlayouts","graphlayouts","/Library/Frameworks/R.framework/Versions/4.1/Resources/library","0.8.4",NA,"R (>= 3.2.0)","igraph, Rcpp","Rcpp, RcppArmadillo","oaqc, testthat, ggraph, ggplot2, knitr, rmarkdown, uwot",NA,"MIT + file LICENSE",NA,NA,NA,NA,"yes","4.1.2"
"grDevices","grDevices","/Library/Frameworks/R.framework/Versions/4.1/Resources/library","4.1.2","base",NA,NA,NA,"KernSmooth",NA,"Part of R 4.1.2",NA,NA,NA,NA,"yes","4.1.2"
"grid","grid","/Library/Frameworks/R.framework/Versions/4.1/Resources/library","4.1.2","base",NA,"grDevices, utils",NA,NA,NA,"Part of R 4.1.2",NA,NA,NA,NA,"yes","4.1.2"
"gridExtra","gridExtra","/Library/Frameworks/R.framework/Versions/4.1/Resources/library","2.3",NA,NA,"gtable, grid, grDevices, graphics, utils",NA,"ggplot2, egg, lattice, knitr, testthat",NA,"GPL (>= 2)",NA,NA,NA,NA,"no","4.1.0"
"gridGraphics","gridGraphics","/Library/Frameworks/R.framework/Versions/4.1/Resources/library","0.5-1",NA,"grid, graphics","grDevices",NA,"magick (>= 1.3), pdftools (>= 1.6)",NA,"GPL (>= 2)",NA,NA,NA,NA,"no","4.1.0"
"grr","grr","/Library/Frameworks/R.framework/Versions/4.1/Resources/library","0.9.5",NA,"R (>= 3.0.0)",NA,NA,NA,NA,"GPL-3",NA,NA,NA,NA,"yes","4.1.0"
"gsubfn","gsubfn","/Library/Frameworks/R.framework/Versions/4.1/Resources/library","0.7",NA,"proto",NA,NA,"boot, chron, grid, lattice, quantreg, svUnit, tcltk, zoo",NA,"GPL (>= 2)",NA,NA,NA,NA,"no","4.1.0"
"gtable","gtable","/Library/Frameworks/R.framework/Versions/4.1/Resources/library","0.3.1",NA,"R (>= 3.0)","grid",NA,"covr, testthat, knitr, rmarkdown, ggplot2, profvis",NA,"MIT + file LICENSE",NA,NA,NA,NA,"no","4.1.2"
"gtools","gtools","/Library/Frameworks/R.framework/Versions/4.1/Resources/library","3.9.4",NA,"methods, stats, utils",NA,NA,"car, gplots, knitr, rstudioapi, SGP, taxize",NA,"GPL-2",NA,NA,NA,NA,"yes","4.1.2"
"Gviz","Gviz","/Library/Frameworks/R.framework/Versions/4.1/Resources/library","1.38.4",NA,"R (>= 4.1), methods, S4Vectors (>= 0.9.25), IRanges (>=
1.99.18), GenomicRanges (>= 1.17.20), grid","XVector (>= 0.5.7), rtracklayer (>= 1.25.13), lattice,
RColorBrewer, biomaRt (>= 2.11.0), AnnotationDbi (>= 1.27.5),
Biobase (>= 2.15.3), GenomicFeatures (>= 1.17.22), ensembldb
(>= 2.11.3), BSgenome (>= 1.33.1), Biostrings (>= 2.33.11),
biovizBase (>= 1.13.8), Rsamtools (>= 1.17.28), latticeExtra
(>= 0.6-26), matrixStats (>= 0.8.14), GenomicAlignments (>=
1.1.16), GenomeInfoDb (>= 1.1.3), BiocGenerics (>= 0.11.3),
digest(>= 0.6.8), graphics, grDevices, stats, utils",NA,"BSgenome.Hsapiens.UCSC.hg19, xml2, BiocStyle, knitr,
rmarkdown, testthat",NA,"Artistic-2.0",NA,NA,NA,NA,"no","4.1.3"
"haven","haven","/Library/Frameworks/R.framework/Versions/4.1/Resources/library","2.5.1",NA,"R (>= 3.4)","cli (>= 3.0.0), forcats (>= 0.2.0), hms, lifecycle, methods,
readr (>= 0.1.0), rlang (>= 0.4.0), tibble, tidyselect, vctrs
(>= 0.3.0)","cpp11","covr, crayon, fs, knitr, pillar (>= 1.4.0), rmarkdown,
testthat (>= 3.0.0)",NA,"MIT + file LICENSE",NA,NA,NA,NA,"yes","4.1.2"
"HDF5Array","HDF5Array","/Library/Frameworks/R.framework/Versions/4.1/Resources/library","1.22.1",NA,"R (>= 3.4), methods, DelayedArray (>= 0.15.16), rhdf5 (>=
2.31.6)","utils, stats, tools, Matrix, rhdf5filters, BiocGenerics (>=
0.31.5), S4Vectors, IRanges","S4Vectors (>= 0.27.13), Rhdf5lib","BiocParallel, GenomicRanges, SummarizedExperiment (>=
1.15.1), h5vcData, ExperimentHub, TENxBrainData, zellkonverter,
GenomicFeatures, RUnit, SingleCellExperiment",NA,"Artistic-2.0",NA,NA,NA,NA,"yes","4.1.2"
"heatmaps","heatmaps","/Library/Frameworks/R.framework/Versions/4.1/Resources/library","1.18.0",NA,"R (>= 3.4)","methods, grDevices, graphics, stats, Biostrings,
GenomicRanges, IRanges, KernSmooth, plotrix, Matrix, EBImage,
RColorBrewer, BiocGenerics, GenomeInfoDb",NA,"BSgenome.Drerio.UCSC.danRer7, knitr, rmarkdown, testthat",NA,"Artistic-2.0",NA,NA,NA,NA,"no","4.1.1"
"here","here","/Library/Frameworks/R.framework/Versions/4.1/Resources/library","1.0.1",NA,NA,"rprojroot (>= 2.0.2)",NA,"conflicted, covr, fs, knitr, palmerpenguins, plyr, readr,
rlang, rmarkdown, testthat, uuid, withr",NA,"MIT + file LICENSE",NA,NA,NA,NA,"no","4.1.0"
"HiCcompare","HiCcompare","/Library/Frameworks/R.framework/Versions/4.1/Resources/library","1.16.0",NA,"R (>= 3.4.0), dplyr","data.table, ggplot2, gridExtra, mgcv, stats, InteractionSet,
GenomicRanges, IRanges, S4Vectors, BiocParallel, QDNAseq,
KernSmooth, methods, utils, graphics, pheatmap, gtools, rhdf5",NA,"knitr, rmarkdown, testthat, multiHiCcompare",NA,"MIT + file LICENSE",NA,NA,NA,NA,"no","4.1.1"
"HiCDCPlus","HiCDCPlus","/Library/Frameworks/R.framework/Versions/4.1/Resources/library","1.2.1",NA,NA,"Rcpp,InteractionSet,GenomicInteractions,bbmle,pscl,BSgenome,data.table,dplyr,tidyr,GenomeInfoDb,rlang,splines,MASS,GenomicRanges,IRanges,tibble,R.utils,Biostrings,rtracklayer,methods,S4Vectors","Rcpp","BSgenome.Mmusculus.UCSC.mm9, BSgenome.Mmusculus.UCSC.mm10,
BSgenome.Hsapiens.UCSC.hg19, BSgenome.Hsapiens.UCSC.hg38,
RUnit, BiocGenerics, knitr, rmarkdown, HiTC, DESeq2, Matrix,
BiocFileCache, rappdirs","parallel","GPL-3",NA,NA,NA,NA,"yes","4.1.2"
"highr","highr","/Library/Frameworks/R.framework/Versions/4.1/Resources/library","0.10",NA,"R (>= 3.3.0)","xfun (>= 0.18)",NA,"knitr, markdown, testit",NA,"GPL",NA,NA,NA,NA,"no","4.1.2"
"HiTC","HiTC","/Library/Frameworks/R.framework/Versions/4.1/Resources/library","1.38.0",NA,"R (>= 2.15.0), methods, IRanges, GenomicRanges","Biostrings, graphics, grDevices, rtracklayer, RColorBrewer,
Matrix, parallel, GenomeInfoDb",NA,"BiocStyle, HiCDataHumanIMR90",NA,"Artistic-2.0",NA,NA,NA,NA,"no","4.1.1"
"Hmisc","Hmisc","/Library/Frameworks/R.framework/Versions/4.1/Resources/library","4.7-2",NA,"lattice, survival (>= 3.1-6), Formula, ggplot2 (>= 2.2)","methods, latticeExtra, cluster, rpart, nnet, foreign, gtable,
grid, gridExtra, data.table, htmlTable (>= 1.11.0), viridis,
htmltools, base64enc",NA,"acepack, chron, rms, mice, rstudioapi, tables, knitr, plotly
(>= 4.5.6), rlang, plyr, VGAM",NA,"GPL (>= 2)",NA,NA,NA,NA,"yes","4.1.2"
"HMM","HMM","/Library/Frameworks/R.framework/Versions/4.1/Resources/library","1.0.1",NA,"R (>= 2.0.0)",NA,NA,NA,NA,"GPL (>= 2)",NA,NA,NA,NA,"no","4.1.2"
"hms","hms","/Library/Frameworks/R.framework/Versions/4.1/Resources/library","1.1.2",NA,NA,"ellipsis (>= 0.3.2), lifecycle, methods, pkgconfig, rlang,
vctrs (>= 0.3.8)",NA,"crayon, lubridate, pillar (>= 1.1.0), testthat (>= 3.0.0)",NA,"MIT + file LICENSE",NA,NA,NA,NA,"no","4.1.2"
"htmlTable","htmlTable","/Library/Frameworks/R.framework/Versions/4.1/Resources/library","2.4.1",NA,NA,"stringr, knitr (>= 1.6), magrittr (>= 1.5), methods,
checkmate, htmlwidgets, htmltools, rstudioapi (>= 0.6)",NA,"testthat, XML, xml2, Hmisc, reshape, rmarkdown, chron,
lubridate, tibble, purrr, tidyselect, glue, rlang, tidyr (>=
0.7.2), dplyr (>= 0.7.4)",NA,"GPL (>= 3)",NA,NA,NA,NA,"no","4.1.2"
"htmltools","htmltools","/Library/Frameworks/R.framework/Versions/4.1/Resources/library","0.5.4",NA,"R (>= 2.14.1)","utils, digest, grDevices, base64enc, rlang (>= 0.4.10),
fastmap (>= 1.1.0), ellipsis",NA,"markdown, testthat, withr, Cairo, ragg, shiny","knitr","GPL (>= 2)",NA,NA,NA,NA,"yes","4.1.2"
"htmlwidgets","htmlwidgets","/Library/Frameworks/R.framework/Versions/4.1/Resources/library","1.6.1",NA,NA,"grDevices, htmltools (>= 0.5.4), jsonlite (>= 0.9.16), yaml,
knitr (>= 1.8), rmarkdown",NA,"testthat","shiny (>= 1.1)","MIT + file LICENSE",NA,NA,NA,NA,"no","4.1.2"
"httpuv","httpuv","/Library/Frameworks/R.framework/Versions/4.1/Resources/library","1.6.7",NA,"R (>= 2.15.1)","Rcpp (>= 1.0.7), utils, R6, promises, later (>= 0.8.0)","Rcpp, later","testthat, callr, curl, websocket",NA,"GPL (>= 2) | file LICENSE",NA,NA,NA,NA,"yes","4.1.2"
"httr","httr","/Library/Frameworks/R.framework/Versions/4.1/Resources/library","1.4.4",NA,"R (>= 3.2)","curl (>= 3.0.0), jsonlite, mime, openssl (>= 0.8), R6",NA,"covr, httpuv, jpeg, knitr, png, readr, rmarkdown, testthat
(>= 0.8.0), xml2",NA,"MIT + file LICENSE",NA,NA,NA,NA,"no","4.1.2"
"ica","ica","/Library/Frameworks/R.framework/Versions/4.1/Resources/library","1.0-3",NA,NA,NA,NA,NA,NA,"GPL (>= 2)",NA,NA,NA,NA,"no","4.1.2"
"igraph","igraph","/Library/Frameworks/R.framework/Versions/4.1/Resources/library","1.3.5",NA,"methods","graphics, grDevices, magrittr, Matrix, pkgconfig (>= 2.0.0),
rlang, stats, utils",NA,"ape, graph, igraphdata, rgl, scales, stats4, tcltk, testthat,
withr, digest",NA,"GPL (>= 2)",NA,NA,NA,NA,"yes","4.1.2"
"impute","impute","/Library/Frameworks/R.framework/Versions/4.1/Resources/library","1.68.0",NA,"R (>= 2.10)",NA,NA,NA,NA,"GPL-2",NA,NA,NA,NA,"yes","4.1.1"
"ini","ini","/Library/Frameworks/R.framework/Versions/4.1/Resources/library","0.3.1",NA,NA,NA,NA,"testthat",NA,"GPL-3",NA,NA,NA,NA,"no","4.1.0"
"InteractionSet","InteractionSet","/Library/Frameworks/R.framework/Versions/4.1/Resources/library","1.22.0",NA,"GenomicRanges, SummarizedExperiment","methods, Matrix, Rcpp, BiocGenerics, S4Vectors (>= 0.27.12),
IRanges, GenomeInfoDb","Rcpp","testthat, knitr, rmarkdown, BiocStyle",NA,"GPL-3",NA,NA,NA,NA,"yes","4.1.1"
"interp","interp","/Library/Frameworks/R.framework/Versions/4.1/Resources/library","1.1-3",NA,"R (>= 3.5.0)","Rcpp (>= 0.12.9), deldir","Rcpp, RcppEigen","sp, Deriv, Ryacas, ggplot2, gridExtra, lattice, stringi,
stringr","RcppEigen","GPL (>= 2)",NA,NA,NA,NA,"yes","4.1.2"
"IRanges","IRanges","/Library/Frameworks/R.framework/Versions/4.1/Resources/library","2.28.0",NA,"R (>= 4.0.0), methods, utils, stats, BiocGenerics (>= 0.39.2),
S4Vectors (>= 0.29.19)","stats4","S4Vectors","XVector, GenomicRanges, Rsamtools, GenomicAlignments,
GenomicFeatures, BSgenome.Celegans.UCSC.ce2, pasillaBamSubset,
RUnit, BiocStyle",NA,"Artistic-2.0",NA,NA,NA,NA,"yes","4.1.1"
"irlba","irlba","/Library/Frameworks/R.framework/Versions/4.1/Resources/library","2.3.5.1",NA,"R (>= 3.6.2), Matrix","stats, methods","Matrix",NA,NA,"GPL-3",NA,NA,NA,NA,"yes","4.1.2"
"isoband","isoband","/Library/Frameworks/R.framework/Versions/4.1/Resources/library","0.2.7",NA,NA,"grid, utils",NA,"covr, ggplot2, knitr, magick, microbenchmark, rmarkdown, sf,
testthat, xml2",NA,"MIT + file LICENSE",NA,NA,NA,NA,"yes","4.1.2"
"jpeg","jpeg","/Library/Frameworks/R.framework/Versions/4.1/Resources/library","0.1-10",NA,"R (>= 2.9.0)",NA,NA,NA,NA,"GPL-2 | GPL-3",NA,NA,NA,NA,"yes","4.1.2"
"jquerylib","jquerylib","/Library/Frameworks/R.framework/Versions/4.1/Resources/library","0.1.4",NA,NA,"htmltools",NA,"testthat",NA,"MIT + file LICENSE",NA,NA,NA,NA,"no","4.1.0"
"jsonlite","jsonlite","/Library/Frameworks/R.framework/Versions/4.1/Resources/library","1.8.4",NA,"methods",NA,NA,"httr, vctrs, testthat, knitr, rmarkdown, R.rsp, sf",NA,"MIT + file LICENSE",NA,NA,NA,NA,"yes","4.1.2"
"KEGGgraph","KEGGgraph","/Library/Frameworks/R.framework/Versions/4.1/Resources/library","1.54.0",NA,"R (>= 3.5.0)","methods, XML (>= 2.3-0), graph, utils, RCurl, Rgraphviz",NA,"RBGL, testthat, RColorBrewer, org.Hs.eg.db, hgu133plus2.db,
SPIA",NA,"GPL (>= 2)",NA,NA,NA,NA,"no","4.1.1"
"KEGGREST","KEGGREST","/Library/Frameworks/R.framework/Versions/4.1/Resources/library","1.34.0",NA,"R (>= 3.5.0)","methods, httr, png, Biostrings",NA,"RUnit, BiocGenerics, knitr, markdown",NA,"Artistic-2.0",NA,NA,NA,NA,"no","4.1.1"
"KernSmooth","KernSmooth","/Library/Frameworks/R.framework/Versions/4.1/Resources/library","2.23-20","recommended","R (>= 2.5.0), stats",NA,NA,"MASS, carData",NA,"Unlimited",NA,NA,NA,NA,"yes","4.1.2"
"knitr","knitr","/Library/Frameworks/R.framework/Versions/4.1/Resources/library","1.41",NA,"R (>= 3.3.0)","evaluate (>= 0.15), highr, methods, stringr (>= 0.6), yaml (>=
2.1.19), xfun (>= 0.34), tools",NA,"markdown (>= 1.3), formatR, testit, digest, rgl (>=
0.95.1201), codetools, rmarkdown, htmlwidgets (>= 0.7),
webshot, tikzDevice (>= 0.10), tinytex, reticulate (>= 1.4),
JuliaCall (>= 0.11.1), magick, png, jpeg, gifski, xml2 (>=
1.2.0), httr, DBI (>= 0.4-1), showtext, tibble, sass, bslib,
ragg, gridSVG, styler (>= 1.2.0), targets (>= 0.6.0)",NA,"GPL",NA,NA,NA,NA,"no","4.1.2"
"labeling","labeling","/Library/Frameworks/R.framework/Versions/4.1/Resources/library","0.4.2",NA,NA,"stats, graphics",NA,NA,NA,"MIT + file LICENSE | Unlimited",NA,NA,NA,NA,"no","4.1.0"
"lambda.r","lambda.r","/Library/Frameworks/R.framework/Versions/4.1/Resources/library","1.2.4",NA,"R (>= 3.0.0)","formatR",NA,"testit",NA,"LGPL-3",NA,NA,NA,NA,"no","4.1.0"
"later","later","/Library/Frameworks/R.framework/Versions/4.1/Resources/library","1.3.0",NA,NA,"Rcpp (>= 0.12.9), rlang","Rcpp","knitr, rmarkdown, testthat (>= 2.1.0)",NA,"MIT + file LICENSE",NA,NA,NA,NA,"yes","4.1.0"
"lattice","lattice","/Library/Frameworks/R.framework/Versions/4.1/Resources/library","0.20-45","recommended","R (>= 3.0.0)","grid, grDevices, graphics, stats, utils",NA,"KernSmooth, MASS, latticeExtra","chron","GPL (>= 2)",NA,NA,NA,NA,"yes","4.1.2"
"latticeExtra","latticeExtra","/Library/Frameworks/R.framework/Versions/4.1/Resources/library","0.6-30",NA,"R (>= 3.6.0), lattice","grid, stats, utils, grDevices, png, jpeg, RColorBrewer,
interp, MASS",NA,"maps, mapproj, deldir, quantreg, zoo, mgcv",NA,"GPL (>= 2)",NA,NA,NA,NA,"no","4.1.2"
"lazyeval","lazyeval","/Library/Frameworks/R.framework/Versions/4.1/Resources/library","0.2.2",NA,"R (>= 3.1.0)",NA,NA,"knitr, rmarkdown (>= 0.2.65), testthat, covr",NA,"GPL-3",NA,NA,NA,NA,"yes","4.1.0"
"LDlinkR","LDlinkR","/Library/Frameworks/R.framework/Versions/4.1/Resources/library","1.2.3",NA,NA,"httr (>= 1.4.0), utils (>= 3.4.2)",NA,"testthat, knitr, rmarkdown, spelling",NA,"GPL (>= 2)",NA,NA,NA,NA,"no","4.1.2"
"leiden","leiden","/Library/Frameworks/R.framework/Versions/4.1/Resources/library","0.4.3",NA,NA,"methods, reticulate, Matrix, igraph (>= 1.2.7)",NA,"bipartite, covr, data.table, devtools, graphsim, knitr,
markdown, multiplex, multinet, network, RColorBrewer, remotes,
rmarkdown, spelling, testthat, tibble",NA,"GPL-3 | file LICENSE",NA,NA,NA,NA,"no","4.1.2"
"leidenbase","leidenbase","/Library/Frameworks/R.framework/Versions/4.1/Resources/library","0.1.14",NA,"R (>= 3.5.0)","igraph (>= 0.8.2)",NA,"rmarkdown, knitr, testthat (>= 3.1.0)",NA,"GPL-3",NA,NA,NA,NA,"yes","4.1.2"
"lifecycle","lifecycle","/Library/Frameworks/R.framework/Versions/4.1/Resources/library","1.0.3",NA,"R (>= 3.4)","cli (>= 3.4.0), glue, rlang (>= 1.0.6)",NA,"covr, crayon, knitr, lintr, rmarkdown, testthat (>= 3.0.1),
tibble, tidyverse, tools, vctrs, withr",NA,"MIT + file LICENSE",NA,NA,NA,NA,"no","4.1.2"
"limma","limma","/Library/Frameworks/R.framework/Versions/4.1/Resources/library","3.50.3",NA,"R (>= 3.6.0)","grDevices, graphics, stats, utils, methods",NA,"affy, AnnotationDbi, BiasedUrn, Biobase, ellipse, GO.db,
gplots, illuminaio, locfit, MASS, org.Hs.eg.db, splines,
statmod (>= 1.2.2), vsn",NA,"GPL (>=2)",NA,NA,NA,NA,"yes","4.1.3"
"listenv","listenv","/Library/Frameworks/R.framework/Versions/4.1/Resources/library","0.9.0",NA,"R (>= 3.1.2)",NA,NA,"R.utils, R.rsp, markdown",NA,"LGPL (>= 2.1)",NA,NA,NA,NA,"no","4.1.2"
"lme4","lme4","/Library/Frameworks/R.framework/Versions/4.1/Resources/library","1.1-31",NA,"R (>= 3.5.0), Matrix (>= 1.2-1), methods, stats","graphics, grid, splines, utils, parallel, MASS, lattice, boot,
nlme (>= 3.1-123), minqa (>= 1.1.15), nloptr (>= 1.0.4)","Rcpp (>= 0.10.5), RcppEigen","knitr, rmarkdown, MEMSS, testthat (>= 0.8.1), ggplot2,
mlmRev, optimx (>= 2013.8.6), gamm4, pbkrtest, HSAUR3,
numDeriv, car, dfoptim, mgcv, statmod, rr2, semEff, tibble,
merDeriv",NA,"GPL (>= 2)",NA,NA,NA,NA,"yes","4.1.2"
"lmtest","lmtest","/Library/Frameworks/R.framework/Versions/4.1/Resources/library","0.9-40",NA,"R (>= 3.0.0), stats, zoo","graphics",NA,"car, strucchange, sandwich, dynlm, stats4, survival, AER",NA,"GPL-2 | GPL-3",NA,NA,NA,NA,"yes","4.1.2"
"locfit","locfit","/Library/Frameworks/R.framework/Versions/4.1/Resources/library","1.5-9.7",NA,"R (>= 4.1.0)","lattice",NA,"interp, gam",NA,"GPL (>= 2)",NA,NA,NA,NA,"yes","4.1.2"
"maftools","maftools","/Library/Frameworks/R.framework/Versions/4.1/Resources/library","2.10.05",NA,"R (>= 3.3)","data.table, grDevices, methods, RColorBrewer, Rhtslib,
survival","Rhtslib, zlibbioc","berryFunctions, Biostrings, BSgenome,
BSgenome.Hsapiens.UCSC.hg19, GenomicRanges, IRanges, knitr,
mclust, MultiAssayExperiment, NMF, R.utils, RaggedExperiment,
rmarkdown, S4Vectors, pheatmap, curl",NA,"MIT + file LICENSE",NA,NA,NA,NA,"yes","4.1.2"
"magrittr","magrittr","/Library/Frameworks/R.framework/Versions/4.1/Resources/library","2.0.3",NA,"R (>= 3.4.0)",NA,NA,"covr, knitr, rlang, rmarkdown, testthat",NA,"MIT + file LICENSE",NA,NA,NA,NA,"yes","4.1.2"
"markdown","markdown","/Library/Frameworks/R.framework/Versions/4.1/Resources/library","1.4",NA,"R (>= 2.11.1)","utils, commonmark, xfun, mime (>= 0.3)",NA,"knitr, rmarkdown (>= 2.18), yaml, RCurl",NA,"GPL-2",NA,NA,NA,NA,"no","4.1.2"
"marray","marray","/Library/Frameworks/R.framework/Versions/4.1/Resources/library","1.72.0",NA,"R (>= 2.10.0), limma, methods",NA,NA,"tkWidgets",NA,"LGPL",NA,NA,NA,NA,"no","4.1.1"
"MASS","MASS","/Library/Frameworks/R.framework/Versions/4.1/Resources/library","7.3-58.1","recommended","R (>= 3.3.0), grDevices, graphics, stats, utils","methods",NA,"lattice, nlme, nnet, survival",NA,"GPL-2 | GPL-3",NA,NA,NA,NA,"yes","4.1.2"
"mathjaxr","mathjaxr","/Library/Frameworks/R.framework/Versions/4.1/Resources/library","1.6-0",NA,NA,NA,NA,"js",NA,"GPL-3",NA,NA,NA,NA,"yes","4.1.2"
"Matrix","Matrix","/Library/Frameworks/R.framework/Versions/4.1/Resources/library","1.5-3","recommended","R (>= 3.5.0), methods","graphics, grid, lattice, stats, utils",NA,"expm, MASS","MatrixModels, graph, SparseM, sfsmisc, igraph, maptools, sp,
spdep","GPL (>= 2) | file LICENCE",NA,NA,NA,NA,"yes","4.1.2"
"Matrix.utils","Matrix.utils","/Library/Frameworks/R.framework/Versions/4.1/Resources/library","0.9.8",NA,"R (>= 3.0.0), Matrix","grr, methods, stats",NA,"testthat",NA,"GPL-3",NA,NA,NA,NA,"no","4.1.0"
"MatrixGenerics","MatrixGenerics","/Library/Frameworks/R.framework/Versions/4.1/Resources/library","1.6.0",NA,"matrixStats (>= 0.60.1)","methods",NA,"sparseMatrixStats, DelayedMatrixStats, SummarizedExperiment,
testthat (>= 2.1.0)",NA,"Artistic-2.0",NA,NA,NA,NA,"no","4.1.1"
"MatrixModels","MatrixModels","/Library/Frameworks/R.framework/Versions/4.1/Resources/library","0.5-1",NA,"R (>= 3.6.0)","stats, methods, Matrix (>= 1.4-2)",NA,NA,NA,"GPL (>= 2)",NA,NA,NA,NA,"no","4.1.2"
"matrixStats","matrixStats","/Library/Frameworks/R.framework/Versions/4.1/Resources/library","0.63.0",NA,"R (>= 2.12.0)",NA,NA,"base64enc, ggplot2, knitr, markdown, microbenchmark,
R.devices, R.rsp",NA,"Artistic-2.0",NA,NA,NA,NA,"yes","4.1.2"
"memoise","memoise","/Library/Frameworks/R.framework/Versions/4.1/Resources/library","2.0.1",NA,NA,"rlang (>= 0.4.10), cachem",NA,"digest, aws.s3, covr, googleAuthR, googleCloudStorageR, httr,
testthat",NA,"MIT + file LICENSE",NA,NA,NA,NA,"no","4.1.0"
"metap","metap","/Library/Frameworks/R.framework/Versions/4.1/Resources/library","1.8",NA,"R (>= 3.5.0)","lattice,Rdpack (>= 0.7),TFisher,mutoss,mathjaxr (>=
0.8-3),qqconf",NA,NA,NA,"GPL-2",NA,NA,NA,NA,"no","4.1.2"
"methods","methods","/Library/Frameworks/R.framework/Versions/4.1/Resources/library","4.1.2","base",NA,"utils, stats",NA,"codetools",NA,"Part of R 4.1.2",NA,NA,NA,NA,"yes","4.1.2"
"mgcv","mgcv","/Library/Frameworks/R.framework/Versions/4.1/Resources/library","1.8-41","recommended","R (>= 3.6.0), nlme (>= 3.1-64)","methods, stats, graphics, Matrix, splines, utils",NA,"parallel, survival, MASS",NA,"GPL (>= 2)",NA,NA,NA,NA,"yes","4.1.2"
"mime","mime","/Library/Frameworks/R.framework/Versions/4.1/Resources/library","0.12",NA,NA,"tools",NA,NA,NA,"GPL",NA,NA,NA,NA,"yes","4.1.0"
"miniUI","miniUI","/Library/Frameworks/R.framework/Versions/4.1/Resources/library","0.1.1.1",NA,NA,"shiny (>= 0.13), htmltools (>= 0.3), utils",NA,NA,NA,"GPL-3",NA,NA,NA,NA,"no","4.1.0"
"minqa","minqa","/Library/Frameworks/R.framework/Versions/4.1/Resources/library","1.2.5",NA,NA,"Rcpp (>= 0.9.10)","Rcpp",NA,NA,"GPL-2",NA,NA,NA,NA,"yes","4.1.2"
"mnormt","mnormt","/Library/Frameworks/R.framework/Versions/4.1/Resources/library","2.1.1",NA,"R (>= 2.2.0)",NA,NA,NA,NA,"GPL-2 | GPL-3",NA,NA,NA,NA,"yes","4.1.2"
"monocle3","monocle3","/Library/Frameworks/R.framework/Versions/4.1/Resources/library","1.2.9",NA,"R (>= 4.0.0), Biobase, SingleCellExperiment","assertthat (>= 0.2.1), batchelor, BiocGenerics (>= 0.28.0),
BiocParallel, DelayedArray (>= 0.8.0), DelayedMatrixStats (>=
1.4.0), digest (>= 0.6.28), dplyr (>= 0.8.0.1), future (>=
1.23.0), ggplot2 (>= 3.1.1), ggrastr, ggrepel (>= 0.8.1), grr,
HDF5Array, igraph (>= 1.2.4), irlba (>= 2.3.3), leidenbase (>=
0.1.9), limma (>= 3.38.3), lme4 (>= 1.1-27), lmtest (>=
0.9-36), MASS (>= 7.3-51.4), Matrix (>= 1.2-17), Matrix.utils,
methods, openssl, pbapply (>= 1.4-0), pbmcapply (>= 1.4.1),
pheatmap, plotly (>= 4.9.0), plyr (>= 1.8.4), proxy (>=
0.4-23), pscl (>= 1.5.2), purrr (>= 0.3.2), RANN (>= 2.6.1),
RColorBrewer, Rcpp (>= 1.0.1), reshape2 (>= 1.4.3), rsample (>=
0.0.5), RhpcBLASctl, RcppAnnoy, RcppHNSW (>= 0.3.0), Rtsne (>=
0.15), S4Vectors, shiny, slam (>= 0.1-45), spdep (>= 1.1-2),
speedglm (>= 0.3-2), stats, stringr (>= 1.4.0),
SummarizedExperiment (>= 1.11.5), utils, uwot (>= 0.1.8), terra
(>= 1.4-17), tibble (>= 2.1.1), tictoc, tidyr (>= 0.8.3),
viridis (>= 0.5.1)","Rcpp","testthat (>= 2.1.0), pryr (>= 0.1.4), knitr, rmarkdown,
spelling, scran",NA,"MIT + file LICENSE",NA,NA,NA,NA,"yes","4.1.2"
"msigdbr","msigdbr","/Library/Frameworks/R.framework/Versions/4.1/Resources/library","7.5.1",NA,"R (>= 3.4)","babelgene, dplyr (>= 0.7.0), magrittr, rlang, tibble,
tidyselect",NA,"knitr, rmarkdown, testthat",NA,"MIT + file LICENSE",NA,NA,NA,NA,"no","4.1.2"
"multcomp","multcomp","/Library/Frameworks/R.framework/Versions/4.1/Resources/library","1.4-20",NA,"stats, graphics, mvtnorm (>= 1.0-10), survival (>= 2.39-4),
TH.data (>= 1.0-2)","sandwich (>= 2.3-0), codetools",NA,"lme4 (>= 0.999375-16), nlme, robustbase, coin, MASS, foreign,
xtable, lmtest, coxme (>= 2.2-1), SimComp, ISwR, tram (>=
0.2-5), fixest (>= 0.10)",NA,"GPL-2",NA,NA,NA,NA,"no","4.1.2"
"multtest","multtest","/Library/Frameworks/R.framework/Versions/4.1/Resources/library","2.50.0",NA,"R (>= 2.10), methods, BiocGenerics, Biobase","survival, MASS, stats4",NA,"snow",NA,"LGPL",NA,NA,NA,NA,"yes","4.1.1"
"munsell","munsell","/Library/Frameworks/R.framework/Versions/4.1/Resources/library","0.5.0",NA,NA,"colorspace, methods",NA,"ggplot2, testthat",NA,"MIT + file LICENSE",NA,NA,NA,NA,"no","4.1.0"
"mutoss","mutoss","/Library/Frameworks/R.framework/Versions/4.1/Resources/library","0.1-12",NA,"R (>= 2.10.0), mvtnorm","plotrix, multtest (>= 2.2.0), multcomp (>= 1.1-0), methods",NA,"fdrtool, qvalue, testthat, lattice",NA,"GPL",NA,NA,NA,NA,"no","4.1.0"
"mvtnorm","mvtnorm","/Library/Frameworks/R.framework/Versions/4.1/Resources/library","1.1-3",NA,"R(>= 3.5.0)","stats, methods",NA,NA,NA,"GPL-2",NA,NA,NA,NA,"yes","4.1.0"
"nlme","nlme","/Library/Frameworks/R.framework/Versions/4.1/Resources/library","3.1-161","recommended","R (>= 3.5.0)","graphics, stats, utils, lattice",NA,"Hmisc, MASS, SASmixed",NA,"GPL (>= 2)",NA,NA,NA,NA,"yes","4.1.2"
"nloptr","nloptr","/Library/Frameworks/R.framework/Versions/4.1/Resources/library","2.0.3",NA,NA,NA,"testthat","knitr, rmarkdown, xml2, testthat (>= 3.0.0), covr",NA,"LGPL (>= 3)",NA,NA,NA,NA,"yes","4.1.2"
"nnet","nnet","/Library/Frameworks/R.framework/Versions/4.1/Resources/library","7.3-18","recommended","R (>= 3.0.0), stats, utils",NA,NA,"MASS",NA,"GPL-2 | GPL-3",NA,NA,NA,NA,"yes","4.1.2"
"numDeriv","numDeriv","/Library/Frameworks/R.framework/Versions/4.1/Resources/library","2016.8-1.1",NA,"R (>= 2.11.1)",NA,NA,NA,NA,"GPL-2",NA,NA,NA,NA,"no","4.1.0"
"openssl","openssl","/Library/Frameworks/R.framework/Versions/4.1/Resources/library","2.0.5",NA,NA,"askpass",NA,"curl, testthat (>= 2.1.0), digest, knitr, rmarkdown,
jsonlite, jose, sodium",NA,"MIT + file LICENSE",NA,NA,NA,NA,"yes","4.1.2"
"openxlsx","openxlsx","/Library/Frameworks/R.framework/Versions/4.1/Resources/library","4.2.5.1",NA,"R (>= 3.3.0)","grDevices, methods, Rcpp, stats, stringi, utils, zip","Rcpp","knitr, rmarkdown, roxygen2, testthat",NA,"MIT + file LICENSE",NA,NA,NA,NA,"yes","4.1.2"
"org.Hs.eg.db","org.Hs.eg.db","/Library/Frameworks/R.framework/Versions/4.1/Resources/library","3.14.0",NA,"R (>= 2.7.0), methods, AnnotationDbi (>= 1.55.1)",NA,NA,"DBI, annotate, RUnit",NA,"Artistic-2.0",NA,NA,NA,NA,"no","4.1.2"
"parallel","parallel","/Library/Frameworks/R.framework/Versions/4.1/Resources/library","4.1.2","base",NA,"tools, compiler",NA,"methods","snow, nws, Rmpi","Part of R 4.1.2",NA,NA,NA,NA,"yes","4.1.2"
"parallelly","parallelly","/Library/Frameworks/R.framework/Versions/4.1/Resources/library","1.33.0",NA,NA,"parallel, tools, utils",NA,NA,NA,"LGPL (>= 2.1)",NA,NA,NA,NA,"no","4.1.2"
"patchwork","patchwork","/Library/Frameworks/R.framework/Versions/4.1/Resources/library","1.1.2",NA,NA,"ggplot2 (>= 3.0.0), gtable, grid, stats, grDevices, utils,
graphics",NA,"knitr, rmarkdown, gridGraphics, gridExtra, ragg, testthat (>=
2.1.0), vdiffr, covr, png",NA,"MIT + file LICENSE",NA,NA,NA,NA,"no","4.1.2"
"pathview","pathview","/Library/Frameworks/R.framework/Versions/4.1/Resources/library","1.34.0",NA,"R (>= 3.5.0)","KEGGgraph, XML, Rgraphviz, graph, png, AnnotationDbi,
org.Hs.eg.db, KEGGREST, methods, utils",NA,"gage, org.Mm.eg.db, RUnit, BiocGenerics",NA,"GPL (>=3.0)",NA,NA,NA,NA,"no","4.1.1"
"pbapply","pbapply","/Library/Frameworks/R.framework/Versions/4.1/Resources/library","1.6-0",NA,"R (>= 3.2.0)","parallel",NA,"shiny",NA,"GPL-2",NA,NA,NA,NA,"no","4.1.2"
"pbmcapply","pbmcapply","/Library/Frameworks/R.framework/Versions/4.1/Resources/library","1.5.1",NA,"utils, parallel",NA,NA,NA,NA,"MIT + file LICENSE",NA,NA,NA,NA,"yes","4.1.2"
"pheatmap","pheatmap","/Library/Frameworks/R.framework/Versions/4.1/Resources/library","1.0.12",NA,"R (>= 2.0)","grid, RColorBrewer, scales, gtable, stats, grDevices, graphics",NA,NA,NA,"GPL-2",NA,NA,NA,NA,"no","4.1.0"
"pillar","pillar","/Library/Frameworks/R.framework/Versions/4.1/Resources/library","1.8.1",NA,NA,"cli (>= 2.3.0), fansi, glue, lifecycle, rlang (>= 1.0.2), utf8
(>= 1.1.0), utils, vctrs (>= 0.3.8)",NA,"bit64, debugme, DiagrammeR, dplyr, formattable, ggplot2,
knitr, lubridate, nanotime, nycflights13, palmerpenguins,
rmarkdown, scales, stringi, survival, testthat (>= 3.1.1),
tibble, units (>= 0.7.2), vdiffr, withr",NA,"MIT + file LICENSE",NA,NA,NA,NA,"no","4.1.2"
"pkgbuild","pkgbuild","/Library/Frameworks/R.framework/Versions/4.1/Resources/library","1.4.0",NA,"R (>= 3.4)","callr (>= 3.2.0), cli (>= 3.4.0), crayon, desc, prettyunits,
processx, R6, rprojroot, withr (>= 2.3.0)",NA,"covr, cpp11, knitr, mockery, Rcpp, rmarkdown, testthat (>=
3.0.0)",NA,"MIT + file LICENSE",NA,NA,NA,NA,"no","4.1.2"
"pkgconfig","pkgconfig","/Library/Frameworks/R.framework/Versions/4.1/Resources/library","2.0.3",NA,NA,"utils",NA,"covr, testthat, disposables (>= 1.0.3)",NA,"MIT + file LICENSE",NA,NA,NA,NA,"no","4.1.0"
"pkgdown","pkgdown","/Library/Frameworks/R.framework/Versions/4.1/Resources/library","2.0.7",NA,"R (>= 3.1.0)","bslib (>= 0.3.1), callr (>= 3.7.3), cli, desc, digest, downlit
(>= 0.4.0), fs (>= 1.4.0), httr (>= 1.4.2), jsonlite, magrittr,
memoise, purrr, ragg, rlang (>= 1.0.0), rmarkdown (>=
1.1.9007), tibble, whisker, withr (>= 2.4.3), xml2 (>= 1.3.1),
yaml",NA,"covr, diffviewer, evaluate, htmltools, htmlwidgets, knitr,
lifecycle, methods, openssl, pkgload (>= 1.0.2), rsconnect,
rstudioapi, rticles, sass, testthat (>= 3.1.3), tools",NA,"MIT + file LICENSE",NA,NA,NA,NA,"no","4.1.2"
"pkgload","pkgload","/Library/Frameworks/R.framework/Versions/4.1/Resources/library","1.3.2",NA,"R (>= 3.4.0)","cli (>= 3.3.0), crayon, desc, fs, glue, methods, rlang (>=
1.0.3), rprojroot, utils, withr (>= 2.4.3)",NA,"bitops, covr, mathjaxr, mockr, pak, pkgbuild, Rcpp, remotes,
rstudioapi, testthat (>= 3.1.0)",NA,"GPL-3",NA,NA,NA,NA,"no","4.1.2"
"plogr","plogr","/Library/Frameworks/R.framework/Versions/4.1/Resources/library","0.2.0",NA,NA,NA,NA,"Rcpp",NA,"MIT + file LICENSE",NA,NA,NA,NA,"no","4.1.0"
"plotly","plotly","/Library/Frameworks/R.framework/Versions/4.1/Resources/library","4.10.1",NA,"R (>= 3.2.0), ggplot2 (>= 3.0.0)","tools, scales, httr (>= 1.3.0), jsonlite (>= 1.6), magrittr,
digest, viridisLite, base64enc, htmltools (>= 0.3.6),
htmlwidgets (>= 1.5.2.9001), tidyr (>= 1.0.0), RColorBrewer,
dplyr, vctrs, tibble, lazyeval (>= 0.2.0), rlang (>= 0.4.10),
crosstalk, purrr, data.table, promises",NA,"MASS, maps, hexbin, ggthemes, GGally, ggalluvial, testthat,
knitr, devtools, shiny (>= 1.1.0), shinytest (>= 1.3.0), curl,
rmarkdown, Cairo, broom, webshot, listviewer, dendextend,
maptools, rgeos, sf, png, IRdisplay, processx, plotlyGeoAssets,
forcats, palmerpenguins, rversions, reticulate, rsvg",NA,"MIT + file LICENSE",NA,NA,NA,NA,"no","4.1.2"
"plotrix","plotrix","/Library/Frameworks/R.framework/Versions/4.1/Resources/library","3.8-2",NA,"R (>= 3.5.0)","grDevices, graphics, stats, utils",NA,NA,NA,"GPL (>= 2)",NA,NA,NA,NA,"no","4.1.0"
"plyr","plyr","/Library/Frameworks/R.framework/Versions/4.1/Resources/library","1.8.8",NA,"R (>= 3.1.0)","Rcpp (>= 0.11.0)","Rcpp","abind, covr, doParallel, foreach, iterators, itertools,
tcltk, testthat",NA,"MIT + file LICENSE",NA,NA,NA,NA,"yes","4.1.2"
"png","png","/Library/Frameworks/R.framework/Versions/4.1/Resources/library","0.1-8",NA,"R (>= 2.9.0)",NA,NA,NA,NA,"GPL-2 | GPL-3",NA,NA,NA,NA,"yes","4.1.2"
"polyclip","polyclip","/Library/Frameworks/R.framework/Versions/4.1/Resources/library","1.10-4",NA,"R (>= 3.0.0)",NA,NA,NA,NA,"BSL",NA,NA,NA,NA,"yes","4.1.2"
"praise","praise","/Library/Frameworks/R.framework/Versions/4.1/Resources/library","1.0.0",NA,NA,NA,NA,"testthat",NA,"MIT + file LICENSE",NA,NA,NA,NA,"no","4.1.0"
"prettyunits","prettyunits","/Library/Frameworks/R.framework/Versions/4.1/Resources/library","1.1.1",NA,NA,NA,NA,"codetools, covr, testthat",NA,"MIT + file LICENSE",NA,NA,NA,NA,"no","4.1.0"
"processx","processx","/Library/Frameworks/R.framework/Versions/4.1/Resources/library","3.8.0",NA,"R (>= 3.4.0)","ps (>= 1.2.0), R6, utils",NA,"callr (>= 3.7.0), cli (>= 3.3.0), codetools, covr, curl,
debugme, parallel, rlang (>= 1.0.2), testthat (>= 3.0.0), withr",NA,"MIT + file LICENSE",NA,NA,NA,NA,"yes","4.1.2"
"profvis","profvis","/Library/Frameworks/R.framework/Versions/4.1/Resources/library","0.3.7",NA,"R (>= 3.0)","htmlwidgets (>= 0.3.2), stringr",NA,"knitr, ggplot2, rmarkdown, testthat, devtools, shiny,
htmltools",NA,"GPL-3 | file LICENSE",NA,NA,NA,NA,"yes","4.1.0"
"progress","progress","/Library/Frameworks/R.framework/Versions/4.1/Resources/library","1.2.2",NA,NA,"hms, prettyunits, R6, crayon",NA,"Rcpp, testthat, withr",NA,"MIT + file LICENSE",NA,NA,NA,NA,"no","4.1.0"
"progressr","progressr","/Library/Frameworks/R.framework/Versions/4.1/Resources/library","0.13.0",NA,"R (>= 3.5.0)","digest, utils",NA,"graphics, tcltk, beepr, cli, crayon, pbmcapply, progress,
purrr, foreach, plyr, doFuture, future, future.apply, furrr,
RPushbullet, rstudioapi, shiny, commonmark, base64enc, tools",NA,"GPL (>= 3)",NA,NA,NA,NA,"no","4.1.2"
"promises","promises","/Library/Frameworks/R.framework/Versions/4.1/Resources/library","1.2.0.1",NA,NA,"R6, Rcpp, later, rlang, stats, magrittr","later, Rcpp","testthat, future (>= 1.21.0), fastmap (>= 1.1.0), purrr,
knitr, rmarkdown, vembedr, spelling",NA,"MIT + file LICENSE",NA,NA,NA,NA,"yes","4.1.0"
"ProtGenerics","ProtGenerics","/Library/Frameworks/R.framework/Versions/4.1/Resources/library","1.26.0",NA,"methods",NA,NA,"testthat",NA,"Artistic-2.0",NA,NA,NA,NA,"no","4.1.1"
"proto","proto","/Library/Frameworks/R.framework/Versions/4.1/Resources/library","1.0.0",NA,NA,NA,NA,"testthat, covr",NA,"GPL-2",NA,NA,NA,NA,"no","4.1.0"
"proxy","proxy","/Library/Frameworks/R.framework/Versions/4.1/Resources/library","0.4-27",NA,"R (>= 3.4.0)","stats, utils",NA,"cba",NA,"GPL-2",NA,NA,NA,NA,"yes","4.1.2"
"ps","ps","/Library/Frameworks/R.framework/Versions/4.1/Resources/library","1.7.2",NA,"R (>= 3.4)","utils",NA,"callr, covr, curl, pillar, pingr, processx (>= 3.1.0), R6,
rlang, testthat (>= 3.0.0),",NA,"MIT + file LICENSE",NA,NA,NA,NA,"yes","4.1.2"
"pscl","pscl","/Library/Frameworks/R.framework/Versions/4.1/Resources/library","1.5.5",NA,NA,"MASS, datasets, grDevices, graphics, stats, utils",NA,"lattice, MCMCpack, car, lmtest, sandwich, zoo, coda, vcd,
mvtnorm, mgcv",NA,"GPL-2",NA,NA,NA,NA,"yes","4.1.0"
"purrr","purrr","/Library/Frameworks/R.framework/Versions/4.1/Resources/library","1.0.1",NA,"R (>= 3.4.0)","cli (>= 3.4.0), lifecycle (>= 1.0.3), magrittr (>= 1.5.0),
rlang (>= 0.4.10), vctrs (>= 0.5.0)","cli","covr, dplyr (>= 0.7.8), httr, knitr, lubridate, rmarkdown,
testthat (>= 3.0.0), tibble, tidyselect",NA,"MIT + file LICENSE",NA,NA,NA,NA,"yes","4.1.2"
"QDNAseq","QDNAseq","/Library/Frameworks/R.framework/Versions/4.1/Resources/library","1.30.0",NA,"R (>= 3.1.0)","graphics, methods, stats, utils, Biobase (>= 2.18.0), CGHbase
(>= 1.18.0), CGHcall (>= 2.18.0), DNAcopy (>= 1.32.0),
GenomicRanges (>= 1.20), IRanges (>= 2.2), matrixStats (>=
0.60.0), R.utils (>= 2.9.0), Rsamtools (>= 1.20), future.apply
(>= 1.8.1)",NA,"BiocStyle (>= 1.8.0), BSgenome (>= 1.38.0), digest (>=
0.6.20), GenomeInfoDb (>= 1.6.0), future (>= 1.22.1),
parallelly (>= 1.28.1), R.cache (>= 0.13.0), QDNAseq.hg19,
QDNAseq.mm10",NA,"GPL",NA,NA,NA,NA,"no","4.1.1"
"qqconf","qqconf","/Library/Frameworks/R.framework/Versions/4.1/Resources/library","1.3.0",NA,"R (>= 4.0.0)","MASS (>= 7.3-50), robustbase (>= 0.93-4), Rcpp","Rcpp","knitr, rmarkdown, distr (>= 2.8.0)",NA,"GPL-3",NA,NA,NA,NA,"yes","4.1.2"
"quantreg","quantreg","/Library/Frameworks/R.framework/Versions/4.1/Resources/library","5.94",NA,"R (>= 3.5), stats, SparseM","methods, graphics, Matrix, MatrixModels, survival, MASS",NA,"tripack, interp, rgl, logspline, nor1mix, Formula, zoo,
R.rsp, conquer",NA,"GPL (>= 2)",NA,NA,NA,NA,"yes","4.1.2"
"qvalue","qvalue","/Library/Frameworks/R.framework/Versions/4.1/Resources/library","2.26.0",NA,"R(>= 2.10)","splines, ggplot2, grid, reshape2",NA,"knitr",NA,"LGPL",NA,NA,NA,NA,"no","4.1.1"
"R.methodsS3","R.methodsS3","/Library/Frameworks/R.framework/Versions/4.1/Resources/library","1.8.2",NA,"R (>= 2.13.0)","utils",NA,"codetools",NA,"LGPL (>= 2.1)",NA,NA,NA,NA,"no","4.1.2"
"R.oo","R.oo","/Library/Frameworks/R.framework/Versions/4.1/Resources/library","1.25.0",NA,"R (>= 2.13.0), R.methodsS3 (>= 1.8.1)","methods, utils",NA,"tools",NA,"LGPL (>= 2.1)",NA,NA,NA,NA,"no","4.1.2"
"R.utils","R.utils","/Library/Frameworks/R.framework/Versions/4.1/Resources/library","2.12.2",NA,"R (>= 2.14.0), R.oo","methods, utils, tools, R.methodsS3",NA,"datasets, digest (>= 0.6.10)",NA,"LGPL (>= 2.1)",NA,NA,NA,NA,"no","4.1.2"
"R6","R6","/Library/Frameworks/R.framework/Versions/4.1/Resources/library","2.5.1",NA,"R (>= 3.0)",NA,NA,"testthat, pryr",NA,"MIT + file LICENSE",NA,NA,NA,NA,"no","4.1.0"
"ragg","ragg","/Library/Frameworks/R.framework/Versions/4.1/Resources/library","1.2.4",NA,NA,"systemfonts (>= 1.0.3), textshaping (>= 0.3.0)","systemfonts, textshaping","covr, graphics, grid, testthat",NA,"MIT + file LICENSE",NA,NA,NA,NA,"yes","4.1.2"
"RANN","RANN","/Library/Frameworks/R.framework/Versions/4.1/Resources/library","2.6.1",NA,NA,NA,NA,"testthat",NA,"GPL (>= 3)",NA,NA,NA,NA,"yes","4.1.0"
"rappdirs","rappdirs","/Library/Frameworks/R.framework/Versions/4.1/Resources/library","0.3.3",NA,"R (>= 3.2)",NA,NA,"roxygen2, testthat (>= 3.0.0), covr, withr",NA,"MIT + file LICENSE",NA,NA,NA,NA,"yes","4.1.0"
"rbibutils","rbibutils","/Library/Frameworks/R.framework/Versions/4.1/Resources/library","2.2.12",NA,"R (>= 2.10)","utils, tools",NA,"testthat",NA,"GPL-2",NA,NA,NA,NA,"yes","4.1.2"
"rcmdcheck","rcmdcheck","/Library/Frameworks/R.framework/Versions/4.1/Resources/library","1.4.0",NA,NA,"callr (>= 3.1.1.9000), cli (>= 3.0.0), curl, desc (>= 1.2.0),
digest, pkgbuild, prettyunits, R6, rprojroot, sessioninfo (>=
1.1.1), utils, withr, xopen",NA,"covr, knitr, mockery, processx, ps, rmarkdown, svglite,
testthat, webfakes",NA,"MIT + file LICENSE",NA,NA,NA,NA,"no","4.1.0"
"RColorBrewer","RColorBrewer","/Library/Frameworks/R.framework/Versions/4.1/Resources/library","1.1-3",NA,"R (>= 2.0.0)",NA,NA,NA,NA,"Apache License 2.0",NA,NA,NA,NA,"no","4.1.2"
"Rcpp","Rcpp","/Library/Frameworks/R.framework/Versions/4.1/Resources/library","1.0.9",NA,NA,"methods, utils",NA,"tinytest, inline, rbenchmark, pkgKitten (>= 0.1.2)",NA,"GPL (>= 2)",NA,NA,NA,NA,"yes","4.1.2"
"RcppAnnoy","RcppAnnoy","/Library/Frameworks/R.framework/Versions/4.1/Resources/library","0.0.20",NA,"R (>= 3.1)","methods, Rcpp","Rcpp","tinytest",NA,"GPL (>= 2)",NA,NA,NA,NA,"yes","4.1.2"
"RcppArmadillo","RcppArmadillo","/Library/Frameworks/R.framework/Versions/4.1/Resources/library","0.11.4.2.1",NA,"R (>= 3.3.0)","Rcpp (>= 0.11.0), stats, utils, methods","Rcpp","tinytest, Matrix (>= 1.3.0), pkgKitten, reticulate, slam",NA,"GPL (>= 2)",NA,NA,NA,NA,"yes","4.1.2"
"RcppEigen","RcppEigen","/Library/Frameworks/R.framework/Versions/4.1/Resources/library","0.3.3.9.3",NA,"R (>= 3.6.0)","Matrix (>= 1.1-0), Rcpp (>= 0.11.0), stats, utils","Rcpp","inline, tinytest, pkgKitten, microbenchmark",NA,"GPL (>= 2) | file LICENSE",NA,NA,NA,NA,"yes","4.1.2"
"RcppHNSW","RcppHNSW","/Library/Frameworks/R.framework/Versions/4.1/Resources/library","0.4.1",NA,NA,"methods, Rcpp (>= 0.11.3)","Rcpp","testthat, covr",NA,"GPL (>= 3)",NA,NA,NA,NA,"yes","4.1.2"
"RcppProgress","RcppProgress","/Library/Frameworks/R.framework/Versions/4.1/Resources/library","0.4.2",NA,NA,NA,NA,"RcppArmadillo, devtools, roxygen2, testthat",NA,"GPL (>= 3)",NA,NA,NA,NA,"no","4.1.0"
"RcppTOML","RcppTOML","/Library/Frameworks/R.framework/Versions/4.1/Resources/library","0.2.0",NA,"R (>= 3.3.0)","Rcpp (>= 0.11.5)","Rcpp","tinytest",NA,"GPL (>= 2)",NA,NA,NA,NA,"yes","4.1.2"
"RCurl","RCurl","/Library/Frameworks/R.framework/Versions/4.1/Resources/library","1.98-1.9",NA,"R (>= 3.4.0), methods","bitops",NA,"XML",NA,"BSD_3_clause + file LICENSE",NA,NA,NA,NA,"yes","4.1.2"
"Rdpack","Rdpack","/Library/Frameworks/R.framework/Versions/4.1/Resources/library","2.4",NA,"R (>= 2.15.0), methods","tools, utils, rbibutils (>= 1.3)",NA,"grDevices, testthat, rstudioapi, rprojroot, gbRd",NA,"GPL (>= 2)",NA,NA,NA,NA,"no","4.1.2"
"readr","readr","/Library/Frameworks/R.framework/Versions/4.1/Resources/library","2.1.3",NA,"R (>= 3.4)","cli (>= 3.2.0), clipr, crayon, hms (>= 0.4.1), lifecycle (>=
0.2.0), methods, R6, rlang, tibble, utils, vroom (>= 1.6.0)","cpp11, tzdb (>= 0.1.1)","covr, curl, datasets, knitr, rmarkdown, spelling, stringi,
testthat (>= 3.1.2), tzdb (>= 0.1.1), waldo, withr, xml2",NA,"MIT + file LICENSE",NA,NA,NA,NA,"yes","4.1.2"
"readxl","readxl","/Library/Frameworks/R.framework/Versions/4.1/Resources/library","1.4.1",NA,"R (>= 3.4)","cellranger, tibble (>= 2.0.1), utils","cpp11 (>= 0.4.0), progress","knitr, rmarkdown, testthat (>= 3.0.0)",NA,"MIT + file LICENSE",NA,NA,NA,NA,"yes","4.1.2"
"rematch","rematch","/Library/Frameworks/R.framework/Versions/4.1/Resources/library","1.0.1",NA,NA,NA,NA,"covr, testthat",NA,"MIT + file LICENSE",NA,NA,NA,NA,"no","4.1.0"
"rematch2","rematch2","/Library/Frameworks/R.framework/Versions/4.1/Resources/library","2.1.2",NA,NA,"tibble",NA,"covr, testthat",NA,"MIT + file LICENSE",NA,NA,NA,NA,"no","4.1.0"
"remotes","remotes","/Library/Frameworks/R.framework/Versions/4.1/Resources/library","2.4.2",NA,"R (>= 3.0.0)","methods, stats, tools, utils",NA,"brew, callr, codetools, curl, covr, git2r (>= 0.23.0), knitr,
mockery, pkgbuild (>= 1.0.1), pingr, rmarkdown, rprojroot,
testthat, webfakes, withr",NA,"MIT + file LICENSE",NA,NA,NA,NA,"no","4.1.0"
"reshape2","reshape2","/Library/Frameworks/R.framework/Versions/4.1/Resources/library","1.4.4",NA,"R (>= 3.1)","plyr (>= 1.8.1), Rcpp, stringr","Rcpp","covr, lattice, testthat (>= 0.8.0)",NA,"MIT + file LICENSE",NA,NA,NA,NA,"yes","4.1.0"
"ResidualMatrix","ResidualMatrix","/Library/Frameworks/R.framework/Versions/4.1/Resources/library","1.4.0",NA,NA,"methods, Matrix, S4Vectors, DelayedArray",NA,"testthat, BiocStyle, knitr, rmarkdown, BiocSingular",NA,"GPL-3",NA,NA,NA,NA,"no","4.1.1"
"restfulr","restfulr","/Library/Frameworks/R.framework/Versions/4.1/Resources/library","0.0.15",NA,"R (>= 3.4.0), methods","XML, RCurl, rjson, S4Vectors (>= 0.13.15), yaml",NA,"getPass, rsolr, RUnit",NA,"Artistic-2.0",NA,NA,NA,NA,"yes","4.1.2"
"reticulate","reticulate","/Library/Frameworks/R.framework/Versions/4.1/Resources/library","1.27",NA,"R (>= 3.0)","Matrix, Rcpp (>= 0.12.7), RcppTOML, graphics, here, jsonlite,
methods, png, rappdirs, utils, withr","Rcpp","callr, knitr, rlang, rmarkdown, testthat",NA,"Apache License 2.0",NA,NA,NA,NA,"yes","4.1.2"
"rgeos","rgeos","/Library/Frameworks/R.framework/Versions/4.1/Resources/library","0.6-1",NA,"R (>= 3.3.0), methods, sp (>= 1.1-0)","utils, stats, graphics","sp","maptools (>= 0.8-5), testthat, XML, maps, rgdal",NA,"GPL (>= 2)",NA,NA,NA,NA,"yes","4.1.2"
"Rgraphviz","Rgraphviz","/Library/Frameworks/R.framework/Versions/4.1/Resources/library","2.38.0",NA,"R (>= 2.6.0), methods, utils, graph, grid","stats4, graphics, grDevices",NA,"RUnit, BiocGenerics, XML",NA,"EPL",NA,NA,NA,NA,"yes","4.1.1"
"rhdf5","rhdf5","/Library/Frameworks/R.framework/Versions/4.1/Resources/library","2.38.1",NA,"R (>= 4.0.0), methods","Rhdf5lib (>= 1.13.4), rhdf5filters","Rhdf5lib","bit64, BiocStyle, knitr, rmarkdown, testthat, microbenchmark,
dplyr, ggplot2, mockery",NA,"Artistic-2.0",NA,NA,NA,NA,"yes","4.1.2"
"rhdf5filters","rhdf5filters","/Library/Frameworks/R.framework/Versions/4.1/Resources/library","1.6.0",NA,NA,NA,"Rhdf5lib","BiocStyle, knitr, rmarkdown, testthat (>= 2.1.0), rhdf5 (>=
2.34.0)",NA,"BSD_2_clause + file LICENSE",NA,NA,NA,NA,"yes","4.1.1"
"Rhdf5lib","Rhdf5lib","/Library/Frameworks/R.framework/Versions/4.1/Resources/library","1.16.0",NA,"R (>= 4.0.0)",NA,NA,"BiocStyle, knitr, rmarkdown, tinytest, mockery",NA,"Artistic-2.0",NA,NA,NA,NA,"yes","4.1.1"
"RhpcBLASctl","RhpcBLASctl","/Library/Frameworks/R.framework/Versions/4.1/Resources/library","0.21-247.1",NA,NA,NA,NA,NA,NA,"AGPL-3",NA,NA,NA,NA,"yes","4.1.0"
"Rhtslib","Rhtslib","/Library/Frameworks/R.framework/Versions/4.1/Resources/library","1.26.0",NA,NA,"zlibbioc","zlibbioc","knitr, rmarkdown, BiocStyle",NA,"LGPL (>= 2)",NA,NA,NA,NA,"yes","4.1.1"
"rio","rio","/Library/Frameworks/R.framework/Versions/4.1/Resources/library","0.5.29",NA,"R (>= 2.15.0)","tools, stats, utils, foreign, haven (>= 1.1.2), curl (>= 0.6),
data.table (>= 1.9.8), readxl (>= 0.1.1), openxlsx, tibble",NA,"datasets, bit64, testthat, knitr, magrittr, arrow, clipr,
feather, fst, hexView, jsonlite, pzfx, readODS (>= 1.6.4),
readr, rmarkdown, rmatio, xml2 (>= 1.2.0), yaml",NA,"GPL-2",NA,NA,NA,NA,"no","4.1.0"
"rJava","rJava","/Library/Frameworks/R.framework/Versions/4.1/Resources/library","1.0-6",NA,"R (>= 3.6.0), methods",NA,NA,NA,NA,"LGPL-2.1",NA,NA,NA,NA,"yes","4.1.0"
"rjson","rjson","/Library/Frameworks/R.framework/Versions/4.1/Resources/library","0.2.21",NA,"R (>= 4.0.0)",NA,NA,NA,NA,"GPL-2",NA,NA,NA,NA,"yes","4.1.2"
"rlang","rlang","/Library/Frameworks/R.framework/Versions/4.1/Resources/library","1.0.6",NA,"R (>= 3.4.0)","utils",NA,"cli (>= 3.1.0), covr, crayon, fs, glue, knitr, magrittr,
methods, pillar, rmarkdown, stats, testthat (>= 3.0.0), tibble,
usethis, vctrs (>= 0.2.3), withr","winch","MIT + file LICENSE",NA,NA,NA,NA,"yes","4.1.2"
"rmarkdown","rmarkdown","/Library/Frameworks/R.framework/Versions/4.1/Resources/library","2.19",NA,"R (>= 3.0)","bslib (>= 0.2.5.1), evaluate (>= 0.13), htmltools (>= 0.5.1),
jquerylib, jsonlite, knitr (>= 1.22), methods, stringr (>=
1.2.0), tinytex (>= 0.31), tools, utils, xfun (>= 0.30), yaml
(>= 2.1.19)",NA,"digest, dygraphs, fs, rsconnect, downlit (>= 0.4.0), katex
(>= 1.4.0), sass (>= 0.4.0), shiny (>= 1.6.0), testthat (>=
3.0.3), tibble, tufte, vctrs, withr (>= 2.4.2)",NA,"GPL-3",NA,NA,NA,NA,"no","4.1.2"
"robustbase","robustbase","/Library/Frameworks/R.framework/Versions/4.1/Resources/library","0.95-0",NA,"R (>= 3.5.0)","stats, graphics, utils, methods, DEoptimR",NA,"grid, MASS, lattice, boot, cluster, Matrix, robust,
fit.models, MPV, xtable, ggplot2, GGally, RColorBrewer,
reshape2, sfsmisc, catdata, doParallel, foreach, skewt","robustX, rrcov, matrixStats, quantreg, Hmisc","GPL (>= 2)",NA,NA,NA,NA,"yes","4.1.2"
"ROCR","ROCR","/Library/Frameworks/R.framework/Versions/4.1/Resources/library","1.0-11",NA,"R (>= 3.6)","methods, graphics, grDevices, gplots, stats",NA,"testthat, knitr, rmarkdown",NA,"GPL (>= 2)",NA,NA,NA,NA,"no","4.1.0"
"roxygen2","roxygen2","/Library/Frameworks/R.framework/Versions/4.1/Resources/library","7.2.3",NA,"R (>= 3.3)","brew, cli (>= 3.3.0), commonmark, desc (>= 1.2.0), knitr,
methods, pkgload (>= 1.0.2), purrr (>= 0.3.3), R6 (>= 2.1.2),
rlang (>= 1.0.6), stringi, stringr (>= 1.0.0), utils, withr,
xml2","cpp11","covr, R.methodsS3, R.oo, rmarkdown (>= 2.16), testthat (>=
3.1.2), yaml",NA,"MIT + file LICENSE",NA,NA,NA,NA,"yes","4.1.2"
"rpart","rpart","/Library/Frameworks/R.framework/Versions/4.1/Resources/library","4.1.19","recommended","R (>= 2.15.0), graphics, stats, grDevices",NA,NA,"survival",NA,"GPL-2 | GPL-3",NA,NA,NA,NA,"yes","4.1.2"
"rprojroot","rprojroot","/Library/Frameworks/R.framework/Versions/4.1/Resources/library","2.0.3",NA,"R (>= 3.0.0)",NA,NA,"covr, knitr, lifecycle, mockr, rmarkdown, testthat (>=
3.0.0), withr",NA,"MIT + file LICENSE",NA,NA,NA,NA,"no","4.1.2"
"rsample","rsample","/Library/Frameworks/R.framework/Versions/4.1/Resources/library","1.1.1",NA,"R (>= 3.4)","dplyr (>= 1.0.0), furrr, generics, glue, methods, pillar,
purrr, rlang (>= 0.4.10), slider (>= 0.1.5), tibble, tidyr,
tidyselect, vctrs (>= 0.5.0)",NA,"broom, covr, ggplot2, knitr, modeldata, recipes (>= 0.1.4),
rmarkdown, stats, testthat (>= 3.0.0), utils, whisker, withr,
xml2",NA,"MIT + file LICENSE",NA,NA,NA,NA,"no","4.1.2"
"Rsamtools","Rsamtools","/Library/Frameworks/R.framework/Versions/4.1/Resources/library","2.10.0",NA,"methods, GenomeInfoDb (>= 1.1.3), GenomicRanges (>= 1.31.8),
Biostrings (>= 2.47.6), R (>= 3.5.0)","utils, BiocGenerics (>= 0.25.1), S4Vectors (>= 0.17.25),
IRanges (>= 2.13.12), XVector (>= 0.19.7), zlibbioc, bitops,
BiocParallel, stats","Rhtslib (>= 1.17.7), S4Vectors, IRanges, XVector, Biostrings","GenomicAlignments, ShortRead (>= 1.19.10), GenomicFeatures,
TxDb.Dmelanogaster.UCSC.dm3.ensGene,
TxDb.Hsapiens.UCSC.hg18.knownGene, RNAseqData.HNRNPC.bam.chr14,
BSgenome.Hsapiens.UCSC.hg19, RUnit, BiocStyle",NA,"Artistic-2.0 | file LICENSE",NA,NA,NA,NA,"yes","4.1.1"
"RSpectra","RSpectra","/Library/Frameworks/R.framework/Versions/4.1/Resources/library","0.16-1",NA,"R (>= 3.0.2)","Matrix (>= 1.1-0), Rcpp (>= 0.11.5)","Rcpp, RcppEigen (>= 0.3.3.3.0)","knitr, rmarkdown, prettydoc",NA,"MPL (>= 2)",NA,NA,NA,NA,"yes","4.1.2"
"RSQLite","RSQLite","/Library/Frameworks/R.framework/Versions/4.1/Resources/library","2.2.20",NA,"R (>= 3.1.0)","bit64, blob (>= 1.2.0), DBI (>= 1.1.0), memoise, methods,
pkgconfig, Rcpp (>= 1.0.7)","plogr (>= 0.2.0), Rcpp","callr, DBItest (>= 1.7.2.9001), gert, gh, hms, knitr,
magrittr, rmarkdown, rvest, testthat (>= 3.0.0), withr, xml2",NA,"LGPL (>= 2.1)",NA,NA,NA,NA,"yes","4.1.2"
"rstudioapi","rstudioapi","/Library/Frameworks/R.framework/Versions/4.1/Resources/library","0.14",NA,NA,NA,NA,"testthat, knitr, rmarkdown, clipr, covr",NA,"MIT + file LICENSE",NA,NA,NA,NA,"no","4.1.2"
"rsvd","rsvd","/Library/Frameworks/R.framework/Versions/4.1/Resources/library","1.0.5",NA,"R (>= 4.0.0)","Matrix",NA,"ggplot2, testthat",NA,"GPL (>= 3)",NA,NA,NA,NA,"no","4.1.0"
"rtracklayer","rtracklayer","/Library/Frameworks/R.framework/Versions/4.1/Resources/library","1.54.0",NA,"R (>= 3.3), methods, GenomicRanges (>= 1.37.2)","XML (>= 1.98-0), BiocGenerics (>= 0.35.3), S4Vectors (>=
0.23.18), IRanges (>= 2.13.13), XVector (>= 0.19.7),
GenomeInfoDb (>= 1.15.2), Biostrings (>= 2.47.6), zlibbioc,
RCurl (>= 1.4-2), Rsamtools (>= 1.31.2), GenomicAlignments (>=
1.15.6), BiocIO, tools, restfulr (>= 0.0.13)","S4Vectors, IRanges, XVector","BSgenome (>= 1.33.4), humanStemCell, microRNA (>= 1.1.1),
genefilter, limma, org.Hs.eg.db, hgu133plus2.db,
GenomicFeatures, BSgenome.Hsapiens.UCSC.hg19,
TxDb.Hsapiens.UCSC.hg19.knownGene, RUnit",NA,"Artistic-2.0 + file LICENSE",NA,NA,NA,NA,"yes","4.1.1"
"Rtsne","Rtsne","/Library/Frameworks/R.framework/Versions/4.1/Resources/library","0.16",NA,NA,"Rcpp (>= 0.11.0), stats","Rcpp","irlba, testthat",NA,"file LICENSE","yes",NA,NA,NA,"yes","4.1.2"
"rversions","rversions","/Library/Frameworks/R.framework/Versions/4.1/Resources/library","2.1.2",NA,NA,"curl, utils, xml2 (>= 1.0.0)",NA,"covr, mockery, testthat",NA,"MIT + file LICENSE",NA,NA,NA,NA,"no","4.1.2"
"s2","s2","/Library/Frameworks/R.framework/Versions/4.1/Resources/library","1.1.1",NA,"R (>= 3.0.0)","Rcpp, wk (>= 0.6.0)","Rcpp, wk","testthat (>= 3.0.0), vctrs",NA,"Apache License (== 2.0)",NA,NA,NA,NA,"yes","4.1.2"
"S4Vectors","S4Vectors","/Library/Frameworks/R.framework/Versions/4.1/Resources/library","0.32.4",NA,"R (>= 4.0.0), methods, utils, stats, stats4, BiocGenerics (>=
0.37.0)",NA,NA,"IRanges, GenomicRanges, SummarizedExperiment, Matrix,
DelayedArray, ShortRead, graph, data.table, RUnit, BiocStyle",NA,"Artistic-2.0",NA,NA,NA,NA,"yes","4.1.3"
"sandwich","sandwich","/Library/Frameworks/R.framework/Versions/4.1/Resources/library","3.0-2",NA,"R (>= 3.0.0)","stats, utils, zoo",NA,"AER, car, geepack, lattice, lme4, lmtest, MASS, multiwayvcov,
parallel, pcse, plm, pscl, scatterplot3d, stats4, strucchange,
survival",NA,"GPL-2 | GPL-3",NA,NA,NA,NA,"no","4.1.2"
"sass","sass","/Library/Frameworks/R.framework/Versions/4.1/Resources/library","0.4.4",NA,NA,"fs, rlang (>= 0.4.10), htmltools (>= 0.5.1), R6, rappdirs",NA,"testthat, knitr, rmarkdown, withr, shiny, curl",NA,"MIT + file LICENSE",NA,NA,NA,NA,"yes","4.1.2"
"ScaledMatrix","ScaledMatrix","/Library/Frameworks/R.framework/Versions/4.1/Resources/library","1.2.0",NA,NA,"methods, Matrix, S4Vectors, DelayedArray",NA,"testthat, BiocStyle, knitr, rmarkdown, BiocSingular",NA,"GPL-3",NA,NA,NA,NA,"no","4.1.1"
"scales","scales","/Library/Frameworks/R.framework/Versions/4.1/Resources/library","1.2.1",NA,"R (>= 3.2)","farver (>= 2.0.3), labeling, lifecycle, munsell (>= 0.5), R6,
RColorBrewer, rlang (>= 1.0.0), viridisLite",NA,"bit64, covr, dichromat, ggplot2, hms (>= 0.5.0), stringi,
testthat (>= 3.0.0), waldo (>= 0.4.0)",NA,"MIT + file LICENSE",NA,NA,NA,NA,"no","4.1.2"
"scattermore","scattermore","/Library/Frameworks/R.framework/Versions/4.1/Resources/library","0.8",NA,NA,"ggplot2, scales, grid, grDevices, graphics",NA,NA,NA,"GPL (>= 3)",NA,NA,NA,NA,"yes","4.1.2"
"scatterpie","scatterpie","/Library/Frameworks/R.framework/Versions/4.1/Resources/library","0.1.8",NA,"R (>= 3.4.0), ggplot2","ggforce, rlang, ggfun, stats, tidyr, utils",NA,"knitr, rmarkdown, prettydoc, maps, scales",NA,"Artistic-2.0",NA,NA,NA,NA,"no","4.1.2"
"sctransform","sctransform","/Library/Frameworks/R.framework/Versions/4.1/Resources/library","0.3.5",NA,"R (>= 3.5.0)","dplyr, magrittr, MASS, Matrix (>= 1.5.0), methods,
future.apply, future, ggplot2, reshape2, rlang, gridExtra,
matrixStats","RcppArmadillo, Rcpp (>= 0.11.0)","irlba, testthat, knitr","glmGamPoi","GPL-3 | file LICENSE",NA,NA,NA,NA,"yes","4.1.2"
"scuttle","scuttle","/Library/Frameworks/R.framework/Versions/4.1/Resources/library","1.4.0",NA,"SingleCellExperiment","methods, utils, stats, Matrix, Rcpp, BiocGenerics, S4Vectors,
BiocParallel, GenomicRanges, SummarizedExperiment,
DelayedArray, DelayedMatrixStats, beachmat","Rcpp, beachmat","BiocStyle, knitr, scRNAseq, rmarkdown, testthat, scran",NA,"GPL-3",NA,NA,NA,NA,"yes","4.1.1"
"sessioninfo","sessioninfo","/Library/Frameworks/R.framework/Versions/4.1/Resources/library","1.2.2",NA,"R (>= 2.10)","cli (>= 3.1.0), tools, utils",NA,"callr, covr, mockery, reticulate, rmarkdown, testthat, withr",NA,"GPL-2",NA,NA,NA,NA,"no","4.1.0"
"Seurat","Seurat","/Library/Frameworks/R.framework/Versions/4.1/Resources/library","4.3.0",NA,"R (>= 4.0.0), methods","cluster, cowplot, fitdistrplus, future, future.apply, ggplot2
(>= 3.3.0), ggrepel, ggridges, graphics, grDevices, grid, httr,
ica, igraph, irlba, jsonlite, KernSmooth, leiden (>= 0.3.1),
lmtest, MASS, Matrix (>= 1.5-0), matrixStats, miniUI,
patchwork, pbapply, plotly (>= 4.9.0), png, progressr, RANN,
RColorBrewer, Rcpp (>= 1.0.7), RcppAnnoy (>= 0.0.18),
reticulate, rlang, ROCR, Rtsne, scales, scattermore (>= 0.7),
sctransform (>= 0.3.5), SeuratObject (>= 4.1.3), shiny,
spatstat.explore, spatstat.geom, stats, tibble, tools, utils,
uwot (>= 0.1.14)","Rcpp (>= 0.11.0), RcppEigen, RcppProgress","ape, rsvd, testthat, hdf5r, S4Vectors, SummarizedExperiment,
SingleCellExperiment, MAST, DESeq2, BiocGenerics,
GenomicRanges, GenomeInfoDb, IRanges, rtracklayer, Rfast2,
monocle, Biobase, VGAM, limma, metap, enrichR, mixtools,
ggrastr, data.table, R.utils",NA,"MIT + file LICENSE",NA,NA,NA,NA,"yes","4.1.2"
"SeuratData","SeuratData","/Library/Frameworks/R.framework/Versions/4.1/Resources/library","0.2.2",NA,"R (>= 3.5.0)","cli, crayon, rappdirs, stats, utils",NA,NA,NA,"GPL-3 | file LICENSE",NA,NA,NA,NA,"no","4.1.2"
"SeuratObject","SeuratObject","/Library/Frameworks/R.framework/Versions/4.1/Resources/library","4.1.3",NA,"R (>= 4.0.0), sp (>= 1.5.0)","future, future.apply, grDevices, grid, Matrix (>= 1.5.0),
methods, progressr, Rcpp (>= 1.0.5), rlang (>= 0.4.7), stats,
tools, utils","Rcpp, RcppEigen","ggplot2, rgeos, testthat",NA,"MIT + file LICENSE",NA,NA,NA,NA,"yes","4.1.2"
"sf","sf","/Library/Frameworks/R.framework/Versions/4.1/Resources/library","1.0-9",NA,"methods, R (>= 3.3.0)","classInt (>= 0.4-1), DBI (>= 0.8), graphics, grDevices, grid,
magrittr, Rcpp (>= 0.12.18), s2 (>= 1.1.0), stats, tools, units
(>= 0.7-0), utils","Rcpp","blob, covr, dplyr (>= 0.8-3), ggplot2, knitr, lwgeom (>=
0.2-1), maps, mapview, Matrix, microbenchmark, odbc, pbapply,
pillar, pool, raster, rlang, rmarkdown, RPostgres (>= 1.1.0),
RPostgreSQL, RSQLite, sp (>= 1.2-4), spatstat (>= 2.0-1),
spatstat.geom, spatstat.random, spatstat.linnet,
spatstat.utils, stars (>= 0.2-0), terra, testthat, tibble (>=
1.4.1), tidyr (>= 1.2.0), tidyselect (>= 1.0.0), tmap (>= 2.0),
vctrs, wk",NA,"GPL-2 | MIT + file LICENSE",NA,NA,NA,NA,"yes","4.1.2"
"shadowtext","shadowtext","/Library/Frameworks/R.framework/Versions/4.1/Resources/library","0.1.2",NA,"R (>= 3.4.0)","ggplot2, grid, scales",NA,"knitr, rmarkdown, prettydoc",NA,"Artistic-2.0",NA,NA,NA,NA,"no","4.1.2"
"shiny","shiny","/Library/Frameworks/R.framework/Versions/4.1/Resources/library","1.7.4",NA,"R (>= 3.0.2), methods","utils, grDevices, httpuv (>= 1.5.2), mime (>= 0.3), jsonlite
(>= 0.9.16), xtable, fontawesome (>= 0.4.0), htmltools (>=
0.5.4), R6 (>= 2.0), sourcetools, later (>= 1.0.0), promises
(>= 1.1.0), tools, crayon, rlang (>= 0.4.10), fastmap (>=
1.1.0), withr, commonmark (>= 1.7), glue (>= 1.3.2), bslib (>=
0.3.0), cachem, ellipsis, lifecycle (>= 0.2.0)",NA,"datasets, Cairo (>= 1.5-5), testthat (>= 3.0.0), knitr (>=
1.6), markdown, rmarkdown, ggplot2, reactlog (>= 1.0.0),
magrittr, yaml, future, dygraphs, ragg, showtext, sass",NA,"GPL-3 | file LICENSE",NA,NA,NA,NA,"no","4.1.2"
"SingleCellExperiment","SingleCellExperiment","/Library/Frameworks/R.framework/Versions/4.1/Resources/library","1.16.0",NA,"SummarizedExperiment","methods, utils, stats, S4Vectors, BiocGenerics, GenomicRanges,
DelayedArray",NA,"testthat, BiocStyle, knitr, rmarkdown, Matrix, scRNAseq,
Rtsne",NA,"GPL-3",NA,NA,NA,NA,"no","4.1.1"
"sitmo","sitmo","/Library/Frameworks/R.framework/Versions/4.1/Resources/library","2.0.2",NA,"R (>= 3.2.0)","Rcpp (>= 0.12.13)","Rcpp","knitr, rmarkdown, ggplot2",NA,"MIT + file LICENSE",NA,NA,NA,NA,"yes","4.1.0"
"slam","slam","/Library/Frameworks/R.framework/Versions/4.1/Resources/library","0.1-50",NA,"R (>= 3.4.0)","stats",NA,NA,"Matrix, SparseM, spam","GPL-2",NA,NA,NA,NA,"yes","4.1.2"
"slider","slider","/Library/Frameworks/R.framework/Versions/4.1/Resources/library","0.3.0",NA,"R (>= 3.4.0)","cli (>= 3.4.1), rlang (>= 1.0.6), vctrs (>= 0.5.0), warp","vctrs (>= 0.5.0)","covr, dplyr (>= 1.0.0), knitr, lubridate, rmarkdown, testthat
(>= 3.0.0)",NA,"MIT + file LICENSE",NA,NA,NA,NA,"yes","4.1.2"
"sn","sn","/Library/Frameworks/R.framework/Versions/4.1/Resources/library","2.1.0",NA,"R (>= 3.0.0), methods, stats4","mnormt (>= 2.0.0), numDeriv, utils, quantreg",NA,"R.rsp",NA,"GPL-2 | GPL-3",NA,NA,NA,NA,"no","4.1.2"
"snow","snow","/Library/Frameworks/R.framework/Versions/4.1/Resources/library","0.4-4",NA,"R (>= 2.13.1), utils",NA,NA,"rlecuyer","Rmpi","GPL",NA,NA,NA,NA,"no","4.1.0"
"snowfall","snowfall","/Library/Frameworks/R.framework/Versions/4.1/Resources/library","1.84-6.2",NA,"R (>= 2.10), snow",NA,NA,"Rmpi",NA,"GPL",NA,NA,NA,NA,"no","4.1.2"
"sourcetools","sourcetools","/Library/Frameworks/R.framework/Versions/4.1/Resources/library","0.1.7",NA,"R (>= 3.0.2)",NA,NA,"testthat",NA,"MIT + file LICENSE",NA,NA,NA,NA,"yes","4.1.0"
"sp","sp","/Library/Frameworks/R.framework/Versions/4.1/Resources/library","1.5-1",NA,"R (>= 3.0.0), methods","utils, stats, graphics, grDevices, lattice, grid",NA,"RColorBrewer, rgdal (>= 1.2-3), rgeos (>= 0.3-13), gstat,
maptools, deldir, knitr, rmarkdown, sf",NA,"GPL (>= 2)",NA,NA,NA,NA,"yes","4.1.2"
"SparseM","SparseM","/Library/Frameworks/R.framework/Versions/4.1/Resources/library","1.81",NA,"R (>= 2.15), methods","graphics, stats, utils",NA,NA,NA,"GPL (>= 2)",NA,NA,NA,NA,"yes","4.1.0"
"sparseMatrixStats","sparseMatrixStats","/Library/Frameworks/R.framework/Versions/4.1/Resources/library","1.6.0",NA,"MatrixGenerics (>= 1.5.3)","Rcpp, Matrix, matrixStats (>= 0.60.0), methods","Rcpp","testthat (>= 2.1.0), knitr, bench, rmarkdown, BiocStyle",NA,"MIT + file LICENSE",NA,NA,NA,NA,"yes","4.1.1"
"spatial","spatial","/Library/Frameworks/R.framework/Versions/4.1/Resources/library","7.3-15","recommended","R (>= 3.0.0), graphics, stats, utils",NA,NA,"MASS",NA,"GPL-2 | GPL-3",NA,NA,NA,NA,"yes","4.1.2"
"spatstat.core","spatstat.core","/Library/Frameworks/R.framework/Versions/4.1/Resources/library","2.4-4",NA,"R (>= 3.5.0), spatstat.data (>= 2.1-0), spatstat.geom (>=
2.4-0), spatstat.random (>= 2.2-0), stats, graphics, grDevices,
utils, methods, nlme, rpart","spatstat.utils (>= 2.3-1), spatstat.sparse (>= 2.0-0), mgcv,
Matrix, abind, tensor, goftest (>= 1.2-2)",NA,"sm, maptools (>= 0.9-9), gsl, locfit, spatial, RandomFields
(>= 3.1.24.1), RandomFieldsUtils(>= 0.3.3.1), fftwtools (>=
0.9-8), nleqslv, spatstat.linnet (>= 2.0-0), spatstat (>=
2.3-3)",NA,"GPL (>= 2)",NA,NA,NA,NA,"yes","4.1.2"
"spatstat.data","spatstat.data","/Library/Frameworks/R.framework/Versions/4.1/Resources/library","3.0-0",NA,"R (>= 3.5.0)","spatstat.utils (>= 3.0-0), Matrix",NA,"spatstat.geom, spatstat.random, spatstat.explore,
spatstat.model, spatstat.linnet",NA,"GPL (>= 2)",NA,NA,NA,NA,"no","4.1.2"
"spatstat.explore","spatstat.explore","/Library/Frameworks/R.framework/Versions/4.1/Resources/library","3.0-5",NA,"R (>= 3.5.0), spatstat.data (>= 3.0), spatstat.geom (>= 3.0),
spatstat.random (>= 3.0), stats, graphics, grDevices, utils,
methods, nlme","spatstat.utils (>= 3.0), spatstat.sparse (>= 3.0), goftest (>=
1.2-2), Matrix, abind",NA,"sm, maptools (>= 0.9-9), gsl, locfit, spatial, fftwtools (>=
0.9-8), spatstat.linnet (>= 3.0), spatstat.model (>= 3.0),
spatstat (>= 3.0)",NA,"GPL (>= 2)",NA,NA,NA,NA,"yes","4.1.2"
"spatstat.geom","spatstat.geom","/Library/Frameworks/R.framework/Versions/4.1/Resources/library","3.0-3",NA,"R (>= 3.5.0), spatstat.data (>= 3.0), stats, graphics,
grDevices, utils, methods","spatstat.utils (>= 3.0), deldir (>= 1.0-2), polyclip (>=
1.10-0)",NA,"spatstat.random, spatstat.explore, spatstat.model,
spatstat.linnet, maptools (>= 0.9-9), spatial, fftwtools (>=
0.9-8), spatstat (>= 2.0-0)",NA,"GPL (>= 2)",NA,NA,NA,NA,"yes","4.1.2"
"spatstat.random","spatstat.random","/Library/Frameworks/R.framework/Versions/4.1/Resources/library","3.0-1",NA,"R (>= 3.5.0), spatstat.data (>= 2.2-0.003), spatstat.geom (>=
2.4-0.023), stats, utils, methods, grDevices","spatstat.utils (>= 2.3-1.003)",NA,"spatial, RandomFields (>= 3.1.24.1), RandomFieldsUtils (>=
0.3.3.1), spatstat.linnet (>= 2.0-0), spatstat.explore,
spatstat.model, spatstat (>= 2.3-3)",NA,"GPL (>= 2)",NA,NA,NA,NA,"yes","4.1.2"
"spatstat.sparse","spatstat.sparse","/Library/Frameworks/R.framework/Versions/4.1/Resources/library","3.0-0",NA,"R (>= 3.5.0), stats, utils, methods, Matrix, abind, tensor","spatstat.utils (>= 3.0-0)",NA,NA,NA,"GPL (>= 2)",NA,NA,NA,NA,"yes","4.1.2"
"spatstat.utils","spatstat.utils","/Library/Frameworks/R.framework/Versions/4.1/Resources/library","3.0-1",NA,"R (>= 3.3.0), stats, graphics, grDevices, utils, methods",NA,NA,"spatstat.model",NA,"GPL (>= 2)",NA,NA,NA,NA,"yes","4.1.2"
"spData","spData","/Library/Frameworks/R.framework/Versions/4.1/Resources/library","2.2.1",NA,"R (>= 3.3.0)","sp",NA,"foreign, sf (>= 0.9-1), spDataLarge (>= 0.4.0), spdep,
spatialreg,",NA,"CC0",NA,NA,NA,NA,"no","4.1.2"
"spdep","spdep","/Library/Frameworks/R.framework/Versions/4.1/Resources/library","1.2-7",NA,"R (>= 3.3.0), methods, sp (>= 1.0), spData (>= 0.2.6.0), sf","stats, deldir, boot (>= 1.3-1), graphics, utils, grDevices,
units, s2, e1071",NA,"spatialreg (>= 1.2-1), Matrix, parallel, dbscan,
RColorBrewer, lattice, xtable, foreign, igraph, RSpectra,
knitr, classInt, tmap, spam, ggplot2, rmarkdown, tinytest,
rgeoda",NA,"GPL (>= 2)",NA,NA,NA,NA,"yes","4.1.2"
"speedglm","speedglm","/Library/Frameworks/R.framework/Versions/4.1/Resources/library","0.3-4",NA,"Matrix, MASS","methods, stats",NA,NA,NA,"GPL",NA,NA,NA,NA,"no","4.1.2"
"splines","splines","/Library/Frameworks/R.framework/Versions/4.1/Resources/library","4.1.2","base",NA,"graphics, stats",NA,"Matrix, methods",NA,"Part of R 4.1.2",NA,NA,NA,NA,"yes","4.1.2"
"sqldf","sqldf","/Library/Frameworks/R.framework/Versions/4.1/Resources/library","0.4-11",NA,"R (>= 3.1.0), gsubfn (>= 0.6), proto, RSQLite","DBI, chron",NA,"RH2, RMySQL, RPostgreSQL, svUnit, tcltk, MASS",NA,"GPL-2",NA,NA,NA,NA,"no","4.1.0"
"stats","stats","/Library/Frameworks/R.framework/Versions/4.1/Resources/library","4.1.2","base",NA,"utils, grDevices, graphics",NA,"MASS, Matrix, SuppDists, methods, stats4",NA,"Part of R 4.1.2",NA,NA,NA,NA,"yes","4.1.2"
"stats4","stats4","/Library/Frameworks/R.framework/Versions/4.1/Resources/library","4.1.2","base",NA,"graphics, methods, stats",NA,NA,NA,"Part of R 4.1.2",NA,NA,NA,NA,NA,"4.1.2"
"stringi","stringi","/Library/Frameworks/R.framework/Versions/4.1/Resources/library","1.7.12",NA,"R (>= 3.1)","tools, utils, stats",NA,NA,NA,"file LICENSE","yes",NA,NA,NA,"yes","4.1.2"
"stringr","stringr","/Library/Frameworks/R.framework/Versions/4.1/Resources/library","1.5.0",NA,"R (>= 3.3)","cli, glue (>= 1.6.1), lifecycle (>= 1.0.3), magrittr, rlang
(>= 1.0.0), stringi (>= 1.5.3), vctrs",NA,"covr, htmltools, htmlwidgets, knitr, rmarkdown, testthat (>=
3.0.0)",NA,"MIT + file LICENSE",NA,NA,NA,NA,"no","4.1.2"
"SummarizedExperiment","SummarizedExperiment","/Library/Frameworks/R.framework/Versions/4.1/Resources/library","1.24.0",NA,"R (>= 4.0.0), methods, MatrixGenerics (>= 1.1.3),
GenomicRanges (>= 1.41.5), Biobase","utils, stats, tools, Matrix, BiocGenerics (>= 0.37.0),
S4Vectors (>= 0.27.12), IRanges (>= 2.23.9), GenomeInfoDb (>=
1.13.1), DelayedArray (>= 0.15.10)",NA,"HDF5Array (>= 1.7.5), annotate, AnnotationDbi, hgu95av2.db,
GenomicFeatures, TxDb.Hsapiens.UCSC.hg19.knownGene, jsonlite,
rhdf5, airway, BiocStyle, knitr, rmarkdown, RUnit, testthat,
digest",NA,"Artistic-2.0",NA,NA,NA,NA,"no","4.1.1"
"survival","survival","/Library/Frameworks/R.framework/Versions/4.1/Resources/library","3.5-0","recommended","R (>= 3.5.0)","graphics, Matrix, methods, splines, stats, utils",NA,NA,NA,"LGPL (>= 2)",NA,NA,NA,NA,"yes","4.1.2"
"sys","sys","/Library/Frameworks/R.framework/Versions/4.1/Resources/library","3.4.1",NA,NA,NA,NA,"unix (>= 1.4), spelling, testthat",NA,"MIT + file LICENSE",NA,NA,NA,NA,"yes","4.1.2"
"systemfonts","systemfonts","/Library/Frameworks/R.framework/Versions/4.1/Resources/library","1.0.4",NA,"R (>= 3.2.0)",NA,"cpp11 (>= 0.2.1)","testthat (>= 2.1.0), covr, knitr, rmarkdown, tools",NA,"MIT + file LICENSE",NA,NA,NA,NA,"yes","4.1.2"
"tcltk","tcltk","/Library/Frameworks/R.framework/Versions/4.1/Resources/library","4.1.2","base",NA,"utils",NA,NA,NA,"Part of R 4.1.2",NA,NA,NA,NA,"yes","4.1.2"
"tensor","tensor","/Library/Frameworks/R.framework/Versions/4.1/Resources/library","1.5",NA,NA,NA,NA,NA,NA,"GPL (>= 2)",NA,NA,NA,NA,NA,"4.1.0"
"terra","terra","/Library/Frameworks/R.framework/Versions/4.1/Resources/library","1.6-47",NA,"R (>= 3.5.0)","methods, Rcpp","Rcpp","parallel, tinytest, ncdf4, sf (>= 0.9-8), deldir, XML,
leaflet",NA,"GPL (>= 3)",NA,NA,NA,NA,"yes","4.1.2"
"testthat","testthat","/Library/Frameworks/R.framework/Versions/4.1/Resources/library","3.1.6",NA,"R (>= 3.1)","brio, callr (>= 3.5.1), cli (>= 3.4.0), desc, digest, ellipsis
(>= 0.2.0), evaluate, jsonlite, lifecycle, magrittr, methods,
pkgload, praise, processx, ps (>= 1.3.4), R6 (>= 2.2.0), rlang
(>= 1.0.1), utils, waldo (>= 0.4.0), withr (>= 2.4.3)",NA,"covr, curl (>= 0.9.5), diffviewer (>= 0.1.0), knitr, mockery,
rmarkdown, rstudioapi, shiny, usethis, vctrs (>= 0.1.0), xml2",NA,"MIT + file LICENSE",NA,NA,NA,NA,"yes","4.1.2"
"textshaping","textshaping","/Library/Frameworks/R.framework/Versions/4.1/Resources/library","0.3.6",NA,"R (>= 3.2.0)","systemfonts (>= 1.0.0)","cpp11 (>= 0.2.1), systemfonts (>= 1.0.0)","covr, knitr, rmarkdown",NA,"MIT + file LICENSE",NA,NA,NA,NA,"yes","4.1.0"
"TFisher","TFisher","/Library/Frameworks/R.framework/Versions/4.1/Resources/library","0.2.0",NA,NA,"stats, sn, mvtnorm, Matrix",NA,NA,NA,"GPL-2",NA,NA,NA,NA,"no","4.1.0"
"TH.data","TH.data","/Library/Frameworks/R.framework/Versions/4.1/Resources/library","1.1-1",NA,"R (>= 3.5.0), survival, MASS",NA,NA,"dplyr, gdata, plyr, trtf, tram, rms, coin, ATR, multcomp,
gridExtra, vcd, colorspace, lattice, knitr",NA,"GPL-3",NA,NA,NA,NA,"no","4.1.2"
"tibble","tibble","/Library/Frameworks/R.framework/Versions/4.1/Resources/library","3.1.8",NA,"R (>= 3.1.0)","fansi (>= 0.4.0), lifecycle (>= 1.0.0), magrittr, methods,
pillar (>= 1.7.0), pkgconfig, rlang (>= 1.0.2), utils, vctrs
(>= 0.3.8)",NA,"bench, bit64, blob, brio, callr, cli, covr, crayon (>=
1.3.4), DiagrammeR, dplyr, evaluate, formattable, ggplot2, hms,
htmltools, knitr, lubridate, mockr, nycflights13, pkgbuild,
pkgload, purrr, rmarkdown, stringi, testthat (>= 3.0.2), tidyr,
withr",NA,"MIT + file LICENSE",NA,NA,NA,NA,"yes","4.1.2"
"tictoc","tictoc","/Library/Frameworks/R.framework/Versions/4.1/Resources/library","1.1",NA,"R (>= 2.15), methods",NA,NA,"testthat (>= 3.0.0)",NA,"Apache License (== 2.0) | file LICENSE",NA,NA,NA,NA,"no","4.1.2"
"tidygraph","tidygraph","/Library/Frameworks/R.framework/Versions/4.1/Resources/library","1.2.2",NA,NA,"tibble, dplyr (>= 0.8.5), igraph, magrittr, utils, rlang, R6,
tools, stats, tidyr, pillar, cli","cpp11","network, data.tree, ape, graph, methods, testthat, covr,
seriation, netrankr, influenceR, NetSwan",NA,"MIT + file LICENSE",NA,NA,NA,NA,"yes","4.1.2"
"tidyr","tidyr","/Library/Frameworks/R.framework/Versions/4.1/Resources/library","1.2.1",NA,"R (>= 3.1)","dplyr (>= 1.0.0), ellipsis (>= 0.1.0), glue, lifecycle,
magrittr, purrr, rlang, tibble (>= 2.1.1), tidyselect (>=
1.1.0), utils, vctrs (>= 0.3.7)","cpp11 (>= 0.4.0)","covr, data.table, jsonlite, knitr, readr, repurrrsive (>=
1.0.0), rmarkdown, testthat (>= 3.0.0)",NA,"MIT + file LICENSE",NA,NA,NA,NA,"yes","4.1.2"
"tidyselect","tidyselect","/Library/Frameworks/R.framework/Versions/4.1/Resources/library","1.2.0",NA,"R (>= 3.4)","cli (>= 3.3.0), glue (>= 1.3.0), lifecycle (>= 1.0.3), rlang
(>= 1.0.4), vctrs (>= 0.4.1), withr",NA,"covr, crayon, dplyr, knitr, magrittr, rmarkdown, stringr,
testthat (>= 3.1.1), tibble (>= 2.1.3)",NA,"MIT + file LICENSE",NA,NA,NA,NA,"no","4.1.2"
"tidytree","tidytree","/Library/Frameworks/R.framework/Versions/4.1/Resources/library","0.4.2",NA,"R (>= 3.4.0)","ape, dplyr, lazyeval, magrittr, methods, rlang, tibble, tidyr,
tidyselect, yulab.utils (>= 0.0.4), pillar, cli",NA,"knitr, rmarkdown, prettydoc, testthat, utils",NA,"Artistic-2.0",NA,NA,NA,NA,"no","4.1.2"
"tiff","tiff","/Library/Frameworks/R.framework/Versions/4.1/Resources/library","0.1-11",NA,"R (>= 2.9.0)",NA,NA,NA,NA,"GPL-2 | GPL-3",NA,NA,NA,NA,"yes","4.1.2"
"tinytex","tinytex","/Library/Frameworks/R.framework/Versions/4.1/Resources/library","0.43",NA,NA,"xfun (>= 0.29)",NA,"testit, rstudioapi",NA,"MIT + file LICENSE",NA,NA,NA,NA,"no","4.1.2"
"tmvnsim","tmvnsim","/Library/Frameworks/R.framework/Versions/4.1/Resources/library","1.0-2",NA,NA,NA,NA,NA,NA,"GPL-2",NA,NA,NA,NA,"yes","4.1.0"
"tools","tools","/Library/Frameworks/R.framework/Versions/4.1/Resources/library","4.1.2","base",NA,NA,NA,"codetools, methods, xml2, curl, commonmark",NA,"Part of R 4.1.2",NA,NA,NA,NA,"yes","4.1.2"
"treeio","treeio","/Library/Frameworks/R.framework/Versions/4.1/Resources/library","1.18.1",NA,"R (>= 3.6.0)","ape, dplyr, jsonlite, magrittr, methods, rlang, tibble,
tidytree (>= 0.3.0), utils",NA,"Biostrings, ggplot2, ggtree, igraph, knitr, rmarkdown,
phangorn, prettydoc, testthat, tidyr, vroom, xml2, yaml",NA,"Artistic-2.0",NA,NA,NA,NA,"no","4.1.2"
"tweenr","tweenr","/Library/Frameworks/R.framework/Versions/4.1/Resources/library","2.0.2",NA,"R (>= 3.2.0)","farver, magrittr, rlang, vctrs","cpp11 (>= 0.4.2)","testthat, covr",NA,"MIT + file LICENSE",NA,NA,NA,NA,"yes","4.1.2"
"TxDb.Hsapiens.UCSC.hg19.knownGene","TxDb.Hsapiens.UCSC.hg19.knownGene","/Library/Frameworks/R.framework/Versions/4.1/Resources/library","3.2.2",NA,"GenomicFeatures (>= 1.21.30)","AnnotationDbi",NA,NA,NA,"Artistic-2.0",NA,NA,NA,NA,"no","4.1.2"
"tzdb","tzdb","/Library/Frameworks/R.framework/Versions/4.1/Resources/library","0.3.0",NA,"R (>= 3.4.0)",NA,"cpp11 (>= 0.4.2)","covr, testthat (>= 3.0.0)",NA,"MIT + file LICENSE",NA,NA,NA,NA,"yes","4.1.2"
"units","units","/Library/Frameworks/R.framework/Versions/4.1/Resources/library","0.8-1",NA,"R (>= 3.0.2)","Rcpp","Rcpp (>= 0.12.10)","NISTunits, measurements, xml2, magrittr, pillar (>= 1.3.0),
dplyr (>= 1.0.0), vctrs (>= 0.3.1), ggplot2 (> 3.2.1), testthat
(>= 3.0.0), vdiffr, knitr, rmarkdown",NA,"GPL-2",NA,NA,NA,NA,"yes","4.1.2"
"urlchecker","urlchecker","/Library/Frameworks/R.framework/Versions/4.1/Resources/library","1.0.1",NA,"R (>= 3.3)","cli, curl, tools, xml2",NA,"covr",NA,"GPL-3",NA,NA,NA,NA,"no","4.1.0"
"usethis","usethis","/Library/Frameworks/R.framework/Versions/4.1/Resources/library","2.1.6",NA,"R (>= 3.4)","cli (>= 3.0.1), clipr (>= 0.3.0), crayon, curl (>= 2.7), desc
(>= 1.4.0), fs (>= 1.3.0), gert (>= 1.4.1), gh (>= 1.2.1), glue
(>= 1.3.0), jsonlite, lifecycle (>= 1.0.0), purrr, rappdirs,
rlang (>= 1.0.0), rprojroot (>= 1.2), rstudioapi, stats, utils,
whisker, withr (>= 2.3.0), yaml",NA,"covr, knitr, magick, mockr, pkgload, rmarkdown, roxygen2 (>=
7.1.2), spelling (>= 1.2), styler (>= 1.2.0), testthat (>=
3.1.0)",NA,"MIT + file LICENSE",NA,NA,NA,NA,"no","4.1.2"
"utf8","utf8","/Library/Frameworks/R.framework/Versions/4.1/Resources/library","1.2.2",NA,"R (>= 2.10)",NA,NA,"cli, covr, knitr, rlang, rmarkdown, testthat (>= 3.0.0),
withr",NA,"Apache License (== 2.0) | file LICENSE",NA,NA,NA,NA,"yes","4.1.0"
"utils","utils","/Library/Frameworks/R.framework/Versions/4.1/Resources/library","4.1.2","base",NA,NA,NA,"methods, xml2, commonmark",NA,"Part of R 4.1.2",NA,NA,NA,NA,"yes","4.1.2"
"uwot","uwot","/Library/Frameworks/R.framework/Versions/4.1/Resources/library","0.1.14",NA,"Matrix","Rcpp, methods, FNN, RcppAnnoy (>= 0.0.17), irlba","Rcpp, RcppProgress, RcppAnnoy, dqrng","testthat, covr, bigstatsr, RSpectra",NA,"GPL (>= 3)",NA,NA,NA,NA,"yes","4.1.2"
"VariantAnnotation","VariantAnnotation","/Library/Frameworks/R.framework/Versions/4.1/Resources/library","1.40.0",NA,"R (>= 4.0.0), methods, BiocGenerics (>= 0.37.0),
MatrixGenerics, GenomeInfoDb (>= 1.15.2), GenomicRanges (>=
1.41.5), SummarizedExperiment (>= 1.19.5), Rsamtools (>=
1.99.0)","utils, DBI, zlibbioc, Biobase, S4Vectors (>= 0.27.12), IRanges
(>= 2.23.9), XVector (>= 0.29.2), Biostrings (>= 2.57.2),
AnnotationDbi (>= 1.27.9), rtracklayer (>= 1.39.7), BSgenome
(>= 1.47.3), GenomicFeatures (>= 1.31.3)","S4Vectors, IRanges, XVector, Biostrings, Rhtslib","RUnit, AnnotationHub, BSgenome.Hsapiens.UCSC.hg19,
TxDb.Hsapiens.UCSC.hg19.knownGene,
SNPlocs.Hsapiens.dbSNP.20101109, SIFT.Hsapiens.dbSNP132,
SIFT.Hsapiens.dbSNP137, PolyPhen.Hsapiens.dbSNP131, snpStats,
ggplot2, BiocStyle",NA,"Artistic-2.0",NA,NA,NA,NA,"yes","4.1.1"
"vctrs","vctrs","/Library/Frameworks/R.framework/Versions/4.1/Resources/library","0.5.1",NA,"R (>= 3.3)","cli (>= 3.4.0), glue, lifecycle (>= 1.0.3), rlang (>= 1.0.6)",NA,"bit64, covr, crayon, dplyr (>= 0.8.5), generics, knitr,
pillar (>= 1.4.4), pkgdown (>= 2.0.1), rmarkdown, testthat (>=
3.0.0), tibble (>= 3.1.3), withr, xml2, waldo (>= 0.2.0),
zeallot",NA,"MIT + file LICENSE",NA,NA,NA,NA,"yes","4.1.2"
"vipor","vipor","/Library/Frameworks/R.framework/Versions/4.1/Resources/library","0.4.5",NA,"R (>= 3.0.0)","stats, graphics",NA,"testthat, beeswarm, lattice, ggplot2, beanplot, vioplot,
ggbeeswarm,",NA,"GPL (>= 2)",NA,NA,NA,NA,"no","4.1.0"
"viridis","viridis","/Library/Frameworks/R.framework/Versions/4.1/Resources/library","0.6.2",NA,"R (>= 2.10), viridisLite (>= 0.4.0)","stats, ggplot2 (>= 1.0.1), gridExtra",NA,"hexbin (>= 1.27.0), scales, MASS, knitr, dichromat,
colorspace, raster, rasterVis, httr, mapproj, vdiffr, svglite
(>= 1.2.0), testthat, covr, rmarkdown, rgdal, maps",NA,"MIT + file LICENSE",NA,NA,NA,NA,"no","4.1.0"
"viridisLite","viridisLite","/Library/Frameworks/R.framework/Versions/4.1/Resources/library","0.4.1",NA,"R (>= 2.10)",NA,NA,"hexbin (>= 1.27.0), ggplot2 (>= 1.0.1), testthat, covr",NA,"MIT + file LICENSE",NA,NA,NA,NA,"no","4.1.2"
"vroom","vroom","/Library/Frameworks/R.framework/Versions/4.1/Resources/library","1.6.0",NA,"R (>= 3.4)","bit64, cli (>= 3.2.0), crayon, glue, hms, lifecycle, methods,
rlang (>= 0.4.2), stats, tibble (>= 2.0.0), tidyselect, tzdb
(>= 0.1.1), vctrs (>= 0.2.0), withr","cpp11 (>= 0.2.0), progress (>= 1.2.1), tzdb (>= 0.1.1)","archive, bench (>= 1.1.0), covr, curl, dplyr, forcats, fs,
ggplot2, knitr, patchwork, prettyunits, purrr, rmarkdown,
rstudioapi, scales, spelling, testthat (>= 2.1.0), tidyr,
utils, waldo, xml2",NA,"MIT + file LICENSE",NA,NA,NA,NA,"yes","4.1.2"
"waldo","waldo","/Library/Frameworks/R.framework/Versions/4.1/Resources/library","0.4.0",NA,NA,"cli, diffobj (>= 0.3.4), fansi, glue, methods, rematch2, rlang
(>= 1.0.0), tibble",NA,"covr, R6, testthat (>= 3.0.0), withr, xml2",NA,"MIT + file LICENSE",NA,NA,NA,NA,"no","4.1.2"
"warp","warp","/Library/Frameworks/R.framework/Versions/4.1/Resources/library","0.2.0",NA,"R (>= 3.2)",NA,NA,"covr, testthat (>= 2.1.0), knitr, rmarkdown",NA,"MIT + file LICENSE",NA,NA,NA,NA,"yes","4.1.0"
"whisker","whisker","/Library/Frameworks/R.framework/Versions/4.1/Resources/library","0.4.1",NA,NA,NA,NA,"markdown",NA,"GPL-3",NA,NA,NA,NA,"no","4.1.2"
"withr","withr","/Library/Frameworks/R.framework/Versions/4.1/Resources/library","2.5.0",NA,"R (>= 3.2.0)","graphics, grDevices, stats",NA,"callr, covr, DBI, knitr, lattice, methods, rlang, rmarkdown
(>= 2.12), RSQLite, testthat (>= 3.0.0)",NA,"MIT + file LICENSE",NA,NA,NA,NA,"no","4.1.2"
"wk","wk","/Library/Frameworks/R.framework/Versions/4.1/Resources/library","0.7.1",NA,"R (>= 2.10)",NA,NA,"testthat (>= 3.0.0), vctrs (>= 0.3.0), sf, tibble, readr",NA,"MIT + file LICENSE",NA,NA,NA,NA,"yes","4.1.2"
"xfun","xfun","/Library/Frameworks/R.framework/Versions/4.1/Resources/library","0.36",NA,NA,"stats, tools",NA,"testit, parallel, codetools, rstudioapi, tinytex (>= 0.30),
mime, markdown, knitr, htmltools, remotes, pak, rhub, renv,
curl, jsonlite, magick, rmarkdown",NA,"MIT + file LICENSE",NA,NA,NA,NA,"yes","4.1.2"
"xlsx","xlsx","/Library/Frameworks/R.framework/Versions/4.1/Resources/library","0.6.5",NA,NA,"rJava, xlsxjars, grDevices, utils",NA,"rprojroot, testthat, covr, tibble, knitr, rmarkdown",NA,"GPL-3",NA,NA,NA,NA,"no","4.1.0"
"xlsxjars","xlsxjars","/Library/Frameworks/R.framework/Versions/4.1/Resources/library","0.6.1",NA,"rJava",NA,NA,NA,NA,"GPL-3",NA,NA,NA,NA,"no","4.1.0"
"XML","XML","/Library/Frameworks/R.framework/Versions/4.1/Resources/library","3.99-0.13",NA,"R (>= 4.0.0), methods, utils",NA,NA,"bitops, RCurl",NA,"BSD_3_clause + file LICENSE",NA,NA,NA,NA,"yes","4.1.2"
"xml2","xml2","/Library/Frameworks/R.framework/Versions/4.1/Resources/library","1.3.3",NA,"R (>= 3.1.0)","methods",NA,"covr, curl, httr, knitr, magrittr, mockery, rmarkdown,
testthat (>= 2.1.0)",NA,"MIT + file LICENSE",NA,NA,NA,NA,"yes","4.1.0"
"xopen","xopen","/Library/Frameworks/R.framework/Versions/4.1/Resources/library","1.0.0",NA,"R (>= 3.1)","processx",NA,"ps, testthat",NA,"MIT + file LICENSE",NA,NA,NA,NA,"no","4.1.0"
"xtable","xtable","/Library/Frameworks/R.framework/Versions/4.1/Resources/library","1.8-4",NA,"R (>= 2.10.0)","stats, utils",NA,"knitr, plm, zoo, survival",NA,"GPL (>= 2)",NA,NA,NA,NA,"no","4.1.0"
"XVector","XVector","/Library/Frameworks/R.framework/Versions/4.1/Resources/library","0.34.0",NA,"R (>= 4.0.0), methods, BiocGenerics (>= 0.37.0), S4Vectors (>=
0.27.12), IRanges (>= 2.23.9)","methods, utils, tools, zlibbioc, BiocGenerics, S4Vectors,
IRanges","S4Vectors, IRanges","Biostrings, drosophila2probe, RUnit",NA,"Artistic-2.0",NA,NA,NA,NA,"yes","4.1.1"
"yaml","yaml","/Library/Frameworks/R.framework/Versions/4.1/Resources/library","2.3.6",NA,NA,NA,NA,"RUnit",NA,"BSD_3_clause + file LICENSE",NA,NA,NA,NA,"yes","4.1.2"
"yulab.utils","yulab.utils","/Library/Frameworks/R.framework/Versions/4.1/Resources/library","0.0.6",NA,NA,"stats, utils",NA,NA,NA,"Artistic-2.0",NA,NA,NA,NA,"no","4.1.2"
"zip","zip","/Library/Frameworks/R.framework/Versions/4.1/Resources/library","2.2.2",NA,NA,NA,NA,"covr, processx, R6, testthat, withr",NA,"MIT + file LICENSE",NA,NA,NA,NA,"yes","4.1.2"
"zlibbioc","zlibbioc","/Library/Frameworks/R.framework/Versions/4.1/Resources/library","1.40.0",NA,NA,NA,NA,NA,NA,"Artistic-2.0 + file LICENSE",NA,NA,NA,NA,"yes","4.1.1"
"zoo","zoo","/Library/Frameworks/R.framework/Versions/4.1/Resources/library","1.8-11",NA,"R (>= 3.1.0), stats","utils, graphics, grDevices, lattice (>= 0.20-27)",NA,"AER, coda, chron, ggplot2 (>= 3.0.0), mondate, scales,
stinepack, strucchange, timeDate, timeSeries, tis, tseries, xts",NA,"GPL-2 | GPL-3",NA,NA,NA,NA,"yes","4.1.2"
